effectid;effectname
1;Felsbeißer 3
2;Frostbrand
3;Flammenzunge 3
4;Flammenzunge 2
5;Flammenzunge
6;Felsbeißer 2
7;Tödliches Gift
8;Tödliches Gift II
9;Gift (15 Schaden)
10;Gift (20 Schaden)
11;Gift (25 Schaden)
12;Frostbrand 2
13;Geschärft (+3 Schaden)
14;Geschärft (+4 Schaden)
15;Verstärkt (+8 Rüstung)
16;Verstärkt (+16 Rüstung)
17;Verstärkt (+24 Rüstung)
18;Verstärkt (+32 Rüstung)
19;Beschwert (+2 Schaden)
20;Beschwert (+3 Schaden)
21;Beschwert (+4 Schaden)
22;Verkrüppelungsgift
23;Gedankenbenebelndes Gift II
24;+5 Mana
25;Schattenöl
26;Frostöl
27;Zerrissen
28;+4 alle Widerstandsarten
29;Felsbeißer 1
30;Zielfernrohr (+1 Schaden)
31;+4 Wildtiertötung
32;Zielfernrohr (+2 Schaden)
33;Zielfernrohr (+3 Schaden)
34;Gegengewicht (+20 Tempowertung)
35;Gedankenbenebelndes Gift
36;Verzaubern: Feuer
37;Stahlwaffenkette
38;+5 Ausweichwertung
39;Geschärft (+1 Schaden)
40;Geschärft (+2 Schaden)
41;+5 Gesundheit
42;Gift (sofort 20)
43;Eisenstachel (8-12)
44;Absorption (10)
63;Absorption (25)
64;+3 Willenskraft
65;+1 alle Widerstandsarten
66;+1 Ausdauer
67;+1 Schaden
68;+1 Stärke
69;+2 Stärke
70;+3 Stärke
71;+1 Ausdauer
72;+2 Ausdauer
73;+3 Ausdauer
74;+1 Beweglichkeit
75;+2 Beweglichkeit
76;+3 Beweglichkeit
77;+2 Schaden
78;+3 Schaden
79;+1 Intelligenz
80;+2 Intelligenz
81;+3 Intelligenz
82;+1 Willenskraft
83;+2 Willenskraft
84;+3 Willenskraft
85;+3 Rüstung
86;+8 Rüstung
87;+12 Rüstung
88;
89;+16 Rüstung
90;+4 Beweglichkeit
91;+5 Beweglichkeit
92;+6 Beweglichkeit
93;+7 Beweglichkeit
94;+4 Intelligenz
95;+5 Intelligenz
96;+6 Intelligenz
97;+7 Intelligenz
98;+4 Willenskraft
99;+5 Willenskraft
100;+6 Willenskraft
101;+7 Willenskraft
102;+4 Ausdauer
103;+5 Ausdauer
104;+6 Ausdauer
105;+7 Ausdauer
106;+4 Stärke
107;+5 Stärke
108;+6 Stärke
109;+7 Stärke
110;+1 Ausweichwertung
111;+2 Ausweichwertung
112;+3 Ausweichwertung
113;+4 Ausweichwertung
114;+5 Ausweichwertung
115;+6 Ausweichwertung
116;+7 Ausweichwertung
117;+4 Schaden
118;+5 Schaden
119;+6 Schaden
120;+7 Schaden
121;+20 Rüstung
122;+24 Rüstung
123;+28 Rüstung
124;Totem der Flammenzunge 1
125;+1 Schwertfertigkeit
126;+2 Schwertfertigkeit
127;+3 Schwertfertigkeit
128;+4 Schwertfertigkeit
129;+5 Schwertfertigkeit
130;+6 Schwertfertigkeit
131;+7 Schwertfertigkeit
132;+1 Zweihandschwertfertigkeit
133;+2 Zweihandschwertfertigkeit
134;+3 Zweihandschwertfertigkeit
135;+4 Zweihandschwertfertigkeit
136;+5 Zweihandschwertfertigkeit
137;+6 Zweihandschwertfertigkeit
138;+7 Zweihandschwertfertigkeit
139;+1 Streitkolbenfertigkeit
140;+2 Streitkolbenfertigkeit
141;+3 Streitkolbenfertigkeit
142;+4 Streitkolbenfertigkeit
143;+5 Streitkolbenfertigkeit
144;+6 Streitkolbenfertigkeit
145;+7 Streitkolbenfertigkeit
146;+1 Zweihandstreitkolbenfertigkeit
147;+2 Zweihandstreitkolbenfertigkeit
148;+3 Zweihandstreitkolbenfertigkeit
149;+4 Zweihandstreitkolbenfertigkeit
150;+5 Zweihandstreitkolbenfertigkeit
151;+6 Zweihandstreitkolbenfertigkeit
152;+7 Zweihandstreitkolbenfertigkeit
153;+1 Axtfertigkeit
154;+2 Axtfertigkeit
155;+3 Axtfertigkeit
156;+4 Axtfertigkeit
157;+5 Axtfertigkeit
158;+6 Axtfertigkeit
159;+7 Axtfertigkeit
160;+1 Zweihandaxtfertigkeit
161;+2 Zweihandaxtfertigkeit
162;+3 Zweihandaxtfertigkeit
163;+4 Zweihandaxtfertigkeit
164;+5 Zweihandaxtfertigkeit
165;+6 Zweihandaxtfertigkeit
166;+7 Zweihandaxtfertigkeit
167;+1 Dolchfertigkeit
168;+2 Dolchfertigkeit
169;+3 Dolchfertigkeit
170;+4 Dolchfertigkeit
171;+5 Dolchfertigkeit
172;+6 Dolchfertigkeit
173;+7 Dolchfertigkeit
174;+1 Schusswaffenfertigkeit
175;+2 Schusswaffenfertigkeit
176;+3 Schusswaffenfertigkeit
177;+4 Schusswaffenfertigkeit
178;+5 Schusswaffenfertigkeit
179;+6 Schusswaffenfertigkeit
180;+7 Schusswaffenfertigkeit
181;+1 Bogenfertigkeit
182;+2 Bogenfertigkeit
183;+3 Bogenfertigkeit
184;+4 Bogenfertigkeit
185;+5 Bogenfertigkeit
186;+6 Bogenfertigkeit
187;+7 Bogenfertigkeit
188;+2 Wildtiertötung
189;+4 Wildtiertötung
190;+6 Wildtiertötung
191;+8 Wildtiertötung
192;+10 Wildtiertötung
193;+12 Wildtiertötung
194;+14 Wildtiertötung
195;+14 Kritische Trefferwertung
196;+28 Kritische Trefferwertung
197;+42 Kritische Trefferwertung
198;+56 Kritische Trefferwertung
199;10% bei getroffen werden: Schattenblitz (10 Schaden)
200;10% bei getroffen werden: Schattenblitz (20 Schaden)
201;10% bei getroffen werden: Schattenblitz (30 Schaden)
202;10% bei getroffen werden: Schattenblitz (40 Schaden)
203;10% bei getroffen werden: Schattenblitz (50 Schaden)
204;10% bei getroffen werden: Schattenblitz (60 Schaden)
205;10% bei getroffen werden: Schattenblitz (70 Schaden)
206;+1 Zaubermacht
207;+2 Zaubermacht
208;+4 Zaubermacht
209;+5 Zaubermacht
210;+6 Zaubermacht
211;+7 Zaubermacht
212;+8 Zaubermacht
213;+1 Feuerzauberschaden
214;+3 Feuerzauberschaden
215;+4 Feuerzauberschaden
216;+6 Feuerzauberschaden
217;+7 Feuerzauberschaden
218;+9 Feuerzauberschaden
219;+10 Feuerzauberschaden
220;+1 Naturzauberschaden
221;+3 Naturzauberschaden
222;+4 Naturzauberschaden
223;+6 Naturzauberschaden
224;+7 Naturzauberschaden
225;+9 Naturzauberschaden
226;+10 Naturzauberschaden
227;+1 Frostzauberschaden
228;+3 Frostzauberschaden
229;+4 Frostzauberschaden
230;+6 Frostzauberschaden
231;+7 Frostzauberschaden
232;+9 Frostzauberschaden
233;+10 Frostzauberschaden
234;+1 Schattenzauberschaden
235;+3 Schattenzauberschaden
236;+4 Schattenzauberschaden
237;+6 Schattenzauberschaden
238;+7 Schattenzauberschaden
239;+9 Schattenzauberschaden
240;+10 Schattenzauberschaden
241;+2 Waffenschaden
242;+15 Gesundheit
243;+1 Willenskraft
244;+4 Intelligenz
245;+5 Rüstung
246;+20 Mana
247;+1 Beweglichkeit
248;+1 Stärke
249;+2 Wildtiertötung
250;+1 Waffenschaden
251;+1 Intelligenz
252;+6 Willenskraft
253;Absorption (50)
254;+25 Gesundheit
255;+3 Willenskraft
256;+5 Feuerwiderstand
257;+10 Rüstung
263;Angelköder (+25 Angelfertigkeit)
264;Angelköder (+50 Angelfertigkeit)
265;Angelköder (+75 Angelfertigkeit)
266;Angelköder (+100 Angelfertigkeit)
283;Windzorn
284;Windzorn 2
285;Totem der Flammenzunge 2
286;+2 Waffenfeuerschaden
287;+4 Waffenfeuerschaden
288;+6 Waffenfeuerschaden
289;+8 Waffenfeuerschaden
290;+10 Waffenfeuerschaden
291;+12 Waffenfeuerschaden
292;+14 Waffenfeuerschaden
303;Feuerkugel
323;Sofort wirkendes Gift
324;Sofort wirkendes Gift II
325;Sofort wirkendes Gift III
343;+8 Beweglichkeit
344;+32 Rüstung
345;+40 Rüstung
346;+36 Rüstung
347;+44 Rüstung
348;+48 Rüstung
349;+9 Beweglichkeit
350;+8 Intelligenz
351;+8 Willenskraft
352;+8 Stärke
353;+8 Ausdauer
354;+9 Intelligenz
355;+9 Willenskraft
356;+9 Ausdauer
357;+9 Stärke
358;+10 Beweglichkeit
359;+10 Intelligenz
360;+10 Willenskraft
361;+10 Ausdauer
362;+10 Stärke
363;+11 Beweglichkeit
364;+11 Intelligenz
365;+11 Willenskraft
366;+11 Ausdauer
367;+11 Stärke
368;+12 Beweglichkeit
369;+12 Intelligenz
370;+12 Willenskraft
371;+12 Ausdauer
372;+12 Stärke
383;+52 Rüstung
384;+56 Rüstung
385;+60 Rüstung
386;+16 Rüstung
387;+17 Rüstung
388;+18 Rüstung
389;+19 Rüstung
403;+13 Beweglichkeit
404;+14 Beweglichkeit
405;+13 Intelligenz
406;+14 Intelligenz
407;+13 Willenskraft
408;+14 Willenskraft
409;+13 Ausdauer
410;+13 Stärke
411;+14 Ausdauer
412;+14 Stärke
423;+1 Zaubermacht
424;+2 Zaubermacht
425;Black Temple Dummy
426;+5 Zaubermacht
427;+6 Zaubermacht
428;+7 Zaubermacht
429;+8 Zaubermacht
430;+9 Zaubermacht
431;+11 Zaubermacht
432;+12 Zaubermacht
433;+11 Feuerzauberschaden
434;+13 Feuerzauberschaden
435;+14 Feuerzauberschaden
436;+70 Kritische Trefferwertung
437;+11 Frostzauberschaden
438;+13 Frostzauberschaden
439;+14 Frostzauberschaden
440;+9 Zaubermacht
441;+11 Zaubermacht
442;+12 Zaubermacht
443;+11 Naturzauberschaden
444;+13 Naturzauberschaden
445;+14 Naturzauberschaden
446;+11 Schattenzauberschaden
447;+13 Schattenzauberschaden
448;+14 Schattenzauberschaden
463;Mithrilstachel (16-20)
464;+4% Reittiertempo
483;Geschärft (+6 Schaden)
484;Beschwert (+6 Schaden)
503;Felsbeißer 4
504;+80 Felsbeißer
523;Flammenzunge 4
524;Frostbrand 3
525;Windzorn 3
543;Totem der Flammenzunge 3
563;Totem des Windzorns 2
564;Totem des Windzorns 3
583;+1 Beweglichkeit / +1 Willenskraft
584;+1 Beweglichkeit / +1 Intelligenz
585;+1 Beweglichkeit / +1 Ausdauer
586;+1 Beweglichkeit / +1 Stärke
587;+1 Intelligenz / +1 Willenskraft
588;+1 Intelligenz / +1 Ausdauer
589;+1 Intelligenz / +1 Stärke
590;+1 Willenskraft / +1 Ausdauer
591;+1 Willenskraft / +1 Stärke
592;+1 Ausdauer / +1 Stärke
603;Verkrüppelungsgift II
623;Sofort wirkendes Gift IV
624;Sofort wirkendes Gift V
625;Sofort wirkendes Gift VI
626;Tödliches Gift III
627;Tödliches Gift IV
643;Gedankenbenebelndes Gift III
663;Zielfernrohr (+5 Schaden)
664;Zielfernrohr (+7 Schaden)
683;Felsbeißer 6
684;+15 Stärke
703;Wundgift
704;Wundgift II
705;Wundgift III
706;Wundgift IV
723;+3 Intelligenz
724;+3 Ausdauer
743;+2 Verstohlenheit
744;+20 Rüstung
763;+5 Blockwertung
783;+10 Rüstung
803;Feurige Waffe
804;+10 Schattenwiderstand
805;+4 Waffenschaden
823;+3 Stärke
843;+30 Mana
844;+2 Bergbau
845;+2 Kräuterkunde
846;+5 Angeln
847;+1 alle Werte
848;+30 Rüstung
849;+3 Beweglichkeit
850;+35 Gesundheit
851;+5 Willenskraft
852;+5 Ausdauer
853;+6 Wildtiertötung
854;+6 Elementartöter
855;+5 Feuerwiderstand
856;+5 Stärke
857;+50 Mana
863;+10 Parierwertung
864;+4 Waffenschaden
865;+5 Kürschnerei
866;+2 alle Werte
883;+15 Beweglichkeit
884;+50 Rüstung
903;+3 alle Widerstandsarten
904;+5 Beweglichkeit
905;+5 Intelligenz
906;+5 Bergbau
907;+7 Willenskraft
908;+50 Gesundheit
909;+5 Kräuterkunde
910;+8 Beweglichkeit und +8 Ausweichwertung
911;Schwache Temposteigerung
912;Dämonentöten
913;+65 Mana
923;+5 Ausweichwertung
924;+2 Ausweichwertung
925;+3 Ausweichwertung
926;+8 Frostwiderstand
927;+7 Stärke
928;+3 alle Werte
929;+7 Ausdauer
930;+2% Reittiertempo
931;+10 Tempowertung
943;+3 Waffenschaden
963;+7 Waffenschaden
983;+16 Beweglichkeit
1003;Gifthautsekret
1023;Rückkopplung 1
1043;+16 Stärke
1044;+17 Stärke
1045;+18 Stärke
1046;+19 Stärke
1047;+20 Stärke
1048;+21 Stärke
1049;+22 Stärke
1050;+23 Stärke
1051;+24 Stärke
1052;+25 Stärke
1053;+26 Stärke
1054;+27 Stärke
1055;+28 Stärke
1056;+29 Stärke
1057;+30 Stärke
1058;+31 Stärke
1059;+32 Stärke
1060;+33 Stärke
1061;+34 Stärke
1062;+35 Stärke
1063;+36 Stärke
1064;+37 Stärke
1065;+38 Stärke
1066;+39 Stärke
1067;+40 Stärke
1068;+15 Ausdauer
1069;+16 Ausdauer
1070;+17 Ausdauer
1071;+18 Ausdauer
1072;+19 Ausdauer
1073;+20 Ausdauer
1074;+21 Ausdauer
1075;+22 Ausdauer
1076;+23 Ausdauer
1077;+24 Ausdauer
1078;+25 Ausdauer
1079;+26 Ausdauer
1080;+27 Ausdauer
1081;+28 Ausdauer
1082;+29 Ausdauer
1083;+30 Ausdauer
1084;+31 Ausdauer
1085;+32 Ausdauer
1086;+33 Ausdauer
1087;+34 Ausdauer
1088;+35 Ausdauer
1089;+36 Ausdauer
1090;+37 Ausdauer
1091;+38 Ausdauer
1092;+39 Ausdauer
1093;+40 Ausdauer
1094;+17 Beweglichkeit
1095;+18 Beweglichkeit
1096;+19 Beweglichkeit
1097;+20 Beweglichkeit
1098;+21 Beweglichkeit
1099;+22 Beweglichkeit
1100;+23 Beweglichkeit
1101;+24 Beweglichkeit
1102;+25 Beweglichkeit
1103;+26 Beweglichkeit
1104;+27 Beweglichkeit
1105;+28 Beweglichkeit
1106;+29 Beweglichkeit
1107;+30 Beweglichkeit
1108;+31 Beweglichkeit
1109;+32 Beweglichkeit
1110;+33 Beweglichkeit
1111;+34 Beweglichkeit
1112;+35 Beweglichkeit
1113;+36 Beweglichkeit
1114;+37 Beweglichkeit
1115;+38 Beweglichkeit
1116;+39 Beweglichkeit
1117;+40 Beweglichkeit
1118;+15 Intelligenz
1119;+16 Intelligenz
1120;+17 Intelligenz
1121;+18 Intelligenz
1122;+19 Intelligenz
1123;+20 Intelligenz
1124;+21 Intelligenz
1125;+22 Intelligenz
1126;+23 Intelligenz
1127;+24 Intelligenz
1128;+25 Intelligenz
1129;+26 Intelligenz
1130;+27 Intelligenz
1131;+28 Intelligenz
1132;+29 Intelligenz
1133;+30 Intelligenz
1134;+31 Intelligenz
1135;+32 Intelligenz
1136;+33 Intelligenz
1137;+34 Intelligenz
1138;+35 Intelligenz
1139;+36 Intelligenz
1140;+37 Intelligenz
1141;+38 Intelligenz
1142;+39 Intelligenz
1143;+40 Intelligenz
1144;+15 Willenskraft
1145;+16 Willenskraft
1146;+17 Willenskraft
1147;+18 Willenskraft
1148;+19 Willenskraft
1149;+20 Willenskraft
1150;+21 Willenskraft
1151;+22 Willenskraft
1152;+23 Willenskraft
1153;+24 Willenskraft
1154;+25 Willenskraft
1155;+26 Willenskraft
1156;+27 Willenskraft
1157;+28 Willenskraft
1158;+29 Willenskraft
1159;+30 Willenskraft
1160;+31 Willenskraft
1161;+32 Willenskraft
1162;+33 Willenskraft
1163;+34 Willenskraft
1164;+36 Willenskraft
1165;+37 Willenskraft
1166;+38 Willenskraft
1167;+39 Willenskraft
1168;+40 Willenskraft
1183;+35 Willenskraft
1203;+41 Stärke
1204;+42 Stärke
1205;+43 Stärke
1206;+44 Stärke
1207;+45 Stärke
1208;+46 Stärke
1209;+41 Ausdauer
1210;+42 Ausdauer
1211;+43 Ausdauer
1212;+44 Ausdauer
1213;+45 Ausdauer
1214;+46 Ausdauer
1215;+41 Beweglichkeit
1216;+42 Beweglichkeit
1217;+43 Beweglichkeit
1218;+44 Beweglichkeit
1219;+45 Beweglichkeit
1220;+46 Beweglichkeit
1221;+41 Intelligenz
1222;+42 Intelligenz
1223;+43 Intelligenz
1224;+44 Intelligenz
1225;+45 Intelligenz
1226;+46 Intelligenz
1227;+41 Willenskraft
1228;+42 Willenskraft
1229;+43 Willenskraft
1230;+44 Willenskraft
1231;+45 Willenskraft
1232;+46 Willenskraft
1243;+1 Arkanwiderstand
1244;+2 Arkanwiderstand
1245;+3 Arkanwiderstand
1246;+4 Arkanwiderstand
1247;+5 Arkanwiderstand
1248;+6 Arkanwiderstand
1249;+7 Arkanwiderstand
1250;+8 Arkanwiderstand
1251;+9 Arkanwiderstand
1252;+10 Arkanwiderstand
1253;+11 Arkanwiderstand
1254;+12 Arkanwiderstand
1255;+13 Arkanwiderstand
1256;+14 Arkanwiderstand
1257;+15 Arkanwiderstand
1258;+16 Arkanwiderstand
1259;+17 Arkanwiderstand
1260;+18 Arkanwiderstand
1261;+19 Arkanwiderstand
1262;+20 Arkanwiderstand
1263;+21 Arkanwiderstand
1264;+22 Arkanwiderstand
1265;+23 Arkanwiderstand
1266;+24 Arkanwiderstand
1267;+25 Arkanwiderstand
1268;+26 Arkanwiderstand
1269;+27 Arkanwiderstand
1270;+28 Arkanwiderstand
1271;+29 Arkanwiderstand
1272;+30 Arkanwiderstand
1273;+31 Arkanwiderstand
1274;+32 Arkanwiderstand
1275;+33 Arkanwiderstand
1276;+34 Arkanwiderstand
1277;+35 Arkanwiderstand
1278;+36 Arkanwiderstand
1279;+37 Arkanwiderstand
1280;+38 Arkanwiderstand
1281;+39 Arkanwiderstand
1282;+40 Arkanwiderstand
1283;+41 Arkanwiderstand
1284;+42 Arkanwiderstand
1285;+43 Arkanwiderstand
1286;+44 Arkanwiderstand
1287;+45 Arkanwiderstand
1288;+46 Arkanwiderstand
1289;+1 Frostwiderstand
1290;+2 Frostwiderstand
1291;+3 Frostwiderstand
1292;+4 Frostwiderstand
1293;+5 Frostwiderstand
1294;+6 Frostwiderstand
1295;+7 Frostwiderstand
1296;+8 Frostwiderstand
1297;+9 Frostwiderstand
1298;+10 Frostwiderstand
1299;+11 Frostwiderstand
1300;+12 Frostwiderstand
1301;+13 Frostwiderstand
1302;+14 Frostwiderstand
1303;+15 Frostwiderstand
1304;+16 Frostwiderstand
1305;+17 Frostwiderstand
1306;+18 Frostwiderstand
1307;+19 Frostwiderstand
1308;+20 Frostwiderstand
1309;+21 Frostwiderstand
1310;+22 Frostwiderstand
1311;+23 Frostwiderstand
1312;+24 Frostwiderstand
1313;+25 Frostwiderstand
1314;+26 Frostwiderstand
1315;+27 Frostwiderstand
1316;+28 Frostwiderstand
1317;+29 Frostwiderstand
1318;+30 Frostwiderstand
1319;+31 Frostwiderstand
1320;+32 Frostwiderstand
1321;+33 Frostwiderstand
1322;+34 Frostwiderstand
1323;+35 Frostwiderstand
1324;+36 Frostwiderstand
1325;+37 Frostwiderstand
1326;+38 Frostwiderstand
1327;+39 Frostwiderstand
1328;+40 Frostwiderstand
1329;+41 Frostwiderstand
1330;+42 Frostwiderstand
1331;+43 Frostwiderstand
1332;+44 Frostwiderstand
1333;+45 Frostwiderstand
1334;+46 Frostwiderstand
1335;+1 Feuerwiderstand
1336;+2 Feuerwiderstand
1337;+3 Feuerwiderstand
1338;+4 Feuerwiderstand
1339;+5 Feuerwiderstand
1340;+6 Feuerwiderstand
1341;+7 Feuerwiderstand
1342;+8 Feuerwiderstand
1343;+9 Feuerwiderstand
1344;+10 Feuerwiderstand
1345;+11 Feuerwiderstand
1346;+12 Feuerwiderstand
1347;+13 Feuerwiderstand
1348;+14 Feuerwiderstand
1349;+15 Feuerwiderstand
1350;+16 Feuerwiderstand
1351;+17 Feuerwiderstand
1352;+18 Feuerwiderstand
1353;+19 Feuerwiderstand
1354;+20 Feuerwiderstand
1355;+21 Feuerwiderstand
1356;+22 Feuerwiderstand
1357;+23 Feuerwiderstand
1358;+24 Feuerwiderstand
1359;+25 Feuerwiderstand
1360;+26 Feuerwiderstand
1361;+27 Feuerwiderstand
1362;+28 Feuerwiderstand
1363;+29 Feuerwiderstand
1364;+30 Feuerwiderstand
1365;+31 Feuerwiderstand
1366;+32 Feuerwiderstand
1367;+33 Feuerwiderstand
1368;+34 Feuerwiderstand
1369;+35 Feuerwiderstand
1370;+36 Feuerwiderstand
1371;+37 Feuerwiderstand
1372;+38 Feuerwiderstand
1373;+39 Feuerwiderstand
1374;+40 Feuerwiderstand
1375;+41 Feuerwiderstand
1376;+42 Feuerwiderstand
1377;+43 Feuerwiderstand
1378;+44 Feuerwiderstand
1379;+45 Feuerwiderstand
1380;+46 Feuerwiderstand
1381;+1 Naturwiderstand
1382;+2 Naturwiderstand
1383;+3 Naturwiderstand
1384;+4 Naturwiderstand
1385;+5 Naturwiderstand
1386;+6 Naturwiderstand
1387;+7 Naturwiderstand
1388;+8 Naturwiderstand
1389;+9 Naturwiderstand
1390;+10 Naturwiderstand
1391;+11 Naturwiderstand
1392;+12 Naturwiderstand
1393;+13 Naturwiderstand
1394;+14 Naturwiderstand
1395;+15 Naturwiderstand
1396;+16 Naturwiderstand
1397;+17 Naturwiderstand
1398;+18 Naturwiderstand
1399;+19 Naturwiderstand
1400;+20 Naturwiderstand
1401;+21 Naturwiderstand
1402;+22 Naturwiderstand
1403;+23 Naturwiderstand
1404;+24 Naturwiderstand
1405;+25 Naturwiderstand
1406;+26 Naturwiderstand
1407;+27 Naturwiderstand
1408;+28 Naturwiderstand
1409;+29 Naturwiderstand
1410;+30 Naturwiderstand
1411;+31 Naturwiderstand
1412;+32 Naturwiderstand
1413;+33 Naturwiderstand
1414;+34 Naturwiderstand
1415;+35 Naturwiderstand
1416;+36 Naturwiderstand
1417;+37 Naturwiderstand
1418;+38 Naturwiderstand
1419;+39 Naturwiderstand
1420;+40 Naturwiderstand
1421;+41 Naturwiderstand
1422;+42 Naturwiderstand
1423;+43 Naturwiderstand
1424;+44 Naturwiderstand
1425;+45 Naturwiderstand
1426;+46 Naturwiderstand
1427;+1 Schattenwiderstand
1428;+2 Schattenwiderstand
1429;+3 Schattenwiderstand
1430;+4 Schattenwiderstand
1431;+5 Schattenwiderstand
1432;+6 Schattenwiderstand
1433;+7 Schattenwiderstand
1434;+8 Schattenwiderstand
1435;+9 Schattenwiderstand
1436;+10 Schattenwiderstand
1437;+11 Schattenwiderstand
1438;+12 Schattenwiderstand
1439;+13 Schattenwiderstand
1440;+14 Schattenwiderstand
1441;+15 Schattenwiderstand
1442;+16 Schattenwiderstand
1443;+17 Schattenwiderstand
1444;+18 Schattenwiderstand
1445;+19 Schattenwiderstand
1446;+20 Schattenwiderstand
1447;+21 Schattenwiderstand
1448;+22 Schattenwiderstand
1449;+23 Schattenwiderstand
1450;+24 Schattenwiderstand
1451;+25 Schattenwiderstand
1452;+26 Schatten widerstehen
1453;+27 Schattenwiderstand
1454;+28 Schattenwiderstand
1455;+29 Schattenwiderstand
1456;+30 Schattenwiderstand
1457;+31 Schattenwiderstand
1458;+32 Schattenwiderstand
1459;+33 Schattenwiderstand
1460;+34 Schattenwiderstand
1461;+35 Schattenwiderstand
1462;+36 Schattenwiderstand
1463;+37 Schattenwiderstand
1464;+38 Schattenwiderstand
1465;+39 Schattenwiderstand
1466;+40 Schattenwiderstand
1467;+41 Schattenwiderstand
1468;+42 Schattenwiderstand
1469;+43 Schattenwiderstand
1470;+44 Schattenwiderstand
1471;+45 Schattenwiderstand
1472;+46 Schattenwiderstand
1483;+150 Mana
1503;+100 Gesundheit
1504;+125 Rüstung
1505;+20 Feuerwiderstand
1506;+8 Stärke
1507;+8 Ausdauer
1508;+8 Beweglichkeit
1509;+8 Intelligenz
1510;+8 Willenskraft
1523;MANA/FW +85/14
1524;GP/FW +75/14
1525;RK/FW +110/14
1526;KRA/FW +10/14
1527;AUS/FW +10/14
1528;BEW/FW +10/14
1529;INT/FW +10/14
1530;GEI/FW +10/14
1531;KRA/AUS +10/10
1532;KRA/AUS/RK/FW +10/10/110/15
1543;+10/10/100/15 INT/WILL/MANA/FR
1563;+2 Angriffskraft
1583;+4 Angriffskraft
1584;+6 Angriffskraft
1585;+8 Angriffskraft
1586;+10 Angriffskraft
1587;+12 Angriffskraft
1588;+14 Angriffskraft
1589;+16 Angriffskraft
1590;+18 Angriffskraft
1591;+20 Angriffskraft
1592;+22 Angriffskraft
1593;+24 Angriffskraft
1594;+26 Angriffskraft
1595;+28 Angriffskraft
1596;+30 Angriffskraft
1597;+32 Angriffskraft
1598;+34 Angriffskraft
1599;+36 Angriffskraft
1600;+38 Angriffskraft
1601;+32 Angriffskraft
1602;+42 Angriffskraft
1603;+44 Angriffskraft
1604;+46 Angriffskraft
1605;+48 Angriffskraft
1606;+50 Angriffskraft
1607;+52 Angriffskraft
1608;+54 Angriffskraft
1609;+56 Angriffskraft
1610;+58 Angriffskraft
1611;+60 Angriffskraft
1612;+62 Angriffskraft
1613;+64 Angriffskraft
1614;+66 Angriffskraft
1615;+68 Angriffskraft
1616;+70 Angriffskraft
1617;+72 Angriffskraft
1618;+74 Angriffskraft
1619;+76 Angriffskraft
1620;+78 Angriffskraft
1621;+80 Angriffskraft
1622;+82 Angriffskraft
1623;+84 Angriffskraft
1624;+86 Angriffskraft
1625;+88 Angriffskraft
1626;+90 Angriffskraft
1627;+92 Angriffskraft
1643;Geschärft (+8 Schaden)
1663;Felsbeißer 5
1664;Felsbeißer 7
1665;Flammenzunge 5
1666;Flammenzunge 6
1667;Frostbrand 4
1668;Frostbrand 5
1669;Windzorn 4
1683;Totem der Flammenzunge 4
1703;Beschwert (+8 Schaden)
1704;Thoriumstachel (20-30)
1723;Omen der Klarsicht
1743;MHTest02
1763;Kaltblütigkeit
1783;Totem des Windzorns 1
1803;Feuerstein 1
1823;Feuerstein 2
1824;Feuerstein 3
1825;Feuerstein 4
1843;Verstärkt (+40 Rüstung)
1863;Rückkopplung 2
1864;Rückkopplung 3
1865;Rückkopplung 4
1866;Rückkopplung 5
1883;+7 Intelligenz
1884;+9 Willenskraft
1885;+9 Stärke
1886;+9 Ausdauer
1887;+7 Beweglichkeit
1888;+5 alle Widerstandsarten
1889;+70 Rüstung
1890;Alle 5 Sek. 4 Gesundheit und Mana
1891;+4 alle Werte
1892;+100 Gesundheit
1893;+100 Mana
1894;Eisiger Hauch
1895;+9 Schaden
1896;+9 Waffenschaden
1897;+5 Waffenschaden
1898;Lebensdiebstahl
1899;Unheilige Waffe
1900;Kreuzfahrer
1901;+9 Intelligenz
1903;+9 Willenskraft
1904;+9 Intelligenz
1923;+3 Feuerwiderstand
1943;+12 Ausweichwertung
1944;+8 Ausweichwertung
1945;+9 Ausweichwertung
1946;+10 Ausweichwertung
1947;+11 Ausweichwertung
1948;+13 Ausweichwertung
1949;+14 Ausweichwertung
1950;+15 Ausweichwertung
1951;+16 Ausweichwertung
1952;+20 Ausweichwertung
1953;+22 Ausweichwertung
1954;+25 Ausweichwertung
1955;+32 Ausweichwertung
1956;+17 Ausweichwertung
1957;+18 Ausweichwertung
1958;+19 Ausweichwertung
1959;+21 Ausweichwertung
1960;+23 Ausweichwertung
1961;+24 Ausweichwertung
1962;+26 Ausweichwertung
1963;+27 Ausweichwertung
1964;+28 Ausweichwertung
1965;+29 Ausweichwertung
1966;+30 Ausweichwertung
1967;+31 Ausweichwertung
1968;+33 Ausweichwertung
1969;+34 Ausweichwertung
1970;+35 Ausweichwertung
1971;+36 Ausweichwertung
1972;+37 Ausweichwertung
1973;+38 Ausweichwertung
1983;+5 Blockwertung
1984;+10 Blockwertung
1985;+15 Blockwertung
1986;+20 Blockwertung
1987;Blocken Stufe 14
1988;Blocken Stufe 15
1989;Blocken Stufe 16
1990;Blocken Stufe 17
1991;Blocken Stufe 18
1992;Blocken Stufe 19
1993;Blocken Stufe 20
1994;Blocken Stufe 21
1995;Blocken Stufe 22
1996;Blocken Stufe 23
1997;Blocken Stufe 24
1998;Blocken Stufe 25
1999;Blocken Stufe 26
2000;Blocken Stufe 27
2001;Blocken Stufe 28
2002;Blocken Stufe 29
2003;Blocken Stufe 30
2004;Blocken Stufe 31
2005;Blocken Stufe 32
2006;Blocken Stufe 33
2007;Blocken Stufe 34
2008;Blocken Stufe 35
2009;Blocken Stufe 36
2010;Blocken Stufe 37
2011;Blocken Stufe 38
2012;Blocken Stufe 39
2013;Blocken Stufe 40
2014;Blocken Stufe 41
2015;Blocken Stufe 42
2016;Blocken Stufe 43
2017;Blocken Stufe 44
2018;Blocken Stufe 45
2019;Blocken Stufe 46
2020;Blocken Stufe 47
2021;Blocken Stufe 48
2022;Blocken Stufe 49
2023;Blocken Stufe 50
2024;Blocken Stufe 51
2025;Blocken Stufe 52
2026;Blocken Stufe 53
2027;Blocken Stufe 54
2028;Blocken Stufe 55
2029;Blocken Stufe 56
2030;Blocken Stufe 57
2031;Blocken Stufe 58
2032;Blocken Stufe 59
2033;Blocken Stufe 60
2034;Blocken Stufe 61
2035;Blocken Stufe 62
2036;Blocken Stufe 63
2037;Blocken Stufe 64
2038;Blocken Stufe 65
2039;Blocken Stufe 66
2040;+2 Distanzangriffskraft
2041;+5 Distanzangriffskraft
2042;+7 Distanzangriffskraft
2043;+10 Distanzangriffskraft
2044;+12 Distanzangriffskraft
2045;+14 Distanzangriffskraft
2046;+17 Distanzangriffskraft
2047;+19 Distanzangriffskraft
2048;+22 Distanzangriffskraft
2049;+24 Distanzangriffskraft
2050;+26 Distanzangriffskraft
2051;+29 Distanzangriffskraft
2052;+31 Distanzangriffskraft
2053;+34 Distanzangriffskraft
2054;+36 Distanzangriffskraft
2055;+38 Distanzangriffskraft
2056;+41 Distanzangriffskraft
2057;+43 Distanzangriffskraft
2058;+46 Distanzangriffskraft
2059;+48 Distanzangriffskraft
2060;+50 Distanzangriffskraft
2061;+53 Distanzangriffskraft
2062;+55 Distanzangriffskraft
2063;+58 Distanzangriffskraft
2064;+60 Distanzangriffskraft
2065;+62 Distanzangriffskraft
2066;+65 Distanzangriffskraft
2067;+67 Distanzangriffskraft
2068;+70 Distanzangriffskraft
2069;+72 Distanzangriffskraft
2070;+74 Distanzangriffskraft
2071;+77 Distanzangriffskraft
2072;+79 Distanzangriffskraft
2073;+82 Distanzangriffskraft
2074;+84 Distanzangriffskraft
2075;+86 Distanzangriffskraft
2076;+89 Distanzangriffskraft
2077;+91 Distanzangriffskraft
2078;+12 Ausweichwertung
2079;+1 Arkanzauberschaden
2080;+3 Arkanzauberschaden
2081;+4 Arkanzauberschaden
2082;+6 Arkanzauberschaden
2083;+7 Arkanzauberschaden
2084;+9 Arkanzauberschaden
2085;+10 Arkanzauberschaden
2086;+11 Arkanzauberschaden
2087;+13 Arkanzauberschaden
2088;+14 Arkanzauberschaden
2089;+16 Arkanzauberschaden
2090;+17 Arkanzauberschaden
2091;+19 Arkanzauberschaden
2092;+20 Arkanzauberschaden
2093;+21 Arkanzauberschaden
2094;+23 Arkanzauberschaden
2095;+24 Arkanzauberschaden
2096;+26 Arkanzauberschaden
2097;+27 Arkanzauberschaden
2098;+29 Arkanzauberschaden
2099;+30 Arkanzauberschaden
2100;+31 Arkanzauberschaden
2101;+33 Arkanzauberschaden
2102;+34 Arkanzauberschaden
2103;+36 Arkanzauberschaden
2104;+37 Arkanzauberschaden
2105;+39 Arkanzauberschaden
2106;+40 Arkanzauberschaden
2107;+41 Arkanzauberschaden
2108;+43 Arkanzauberschaden
2109;+44 Arkanzauberschaden
2110;+46 Arkanzauberschaden
2111;+47 Arkanzauberschaden
2112;+49 Arkanzauberschaden
2113;+50 Arkanzauberschaden
2114;+51 Arkanzauberschaden
2115;+53 Arkanzauberschaden
2116;+54 Arkanzauberschaden
2117;+1 Schattenzauberschaden
2118;+3 Schattenzauberschaden
2119;+4 Schattenzauberschaden
2120;+6 Schattenzauberschaden
2121;+7 Schattenzauberschaden
2122;+9 Schattenzauberschaden
2123;+10 Schattenzauberschaden
2124;+11 Schattenzauberschaden
2125;+13 Schattenzauberschaden
2126;+14 Schattenzauberschaden
2127;+16 Schattenzauberschaden
2128;+17 Schattenzauberschaden
2129;+19 Schattenzauberschaden
2130;+20 Schattenzauberschaden
2131;+21 Schattenzauberschaden
2132;+23 Schattenzauberschaden
2133;+24 Schattenzauberschaden
2134;+26 Schattenzauberschaden
2135;+27 Schattenzauberschaden
2136;+29 Schattenzauberschaden
2137;+30 Schattenzauberschaden
2138;+31 Schattenzauberschaden
2139;+33 Schattenzauberschaden
2140;+34 Schattenzauberschaden
2141;+36 Schattenzauberschaden
2142;+37 Schattenzauberschaden
2143;+39 Schattenzauberschaden
2144;+40 Schattenzauberschaden
2145;+41 Schattenzauberschaden
2146;+43 Schattenzauberschaden
2147;+44 Schattenzauberschaden
2148;+46 Schattenzauberschaden
2149;+47 Schattenzauberschaden
2150;+49 Schattenzauberschaden
2151;+50 Schattenzauberschaden
2152;+51 Schattenzauberschaden
2153;+53 Schattenzauberschaden
2154;+54 Schattenzauberschaden
2155;+1 Feuerzauberschaden
2156;+3 Feuerzauberschaden
2157;+4 Feuerzauberschaden
2158;+6 Feuerzauberschaden
2159;+7 Feuerzauberschaden
2160;+9 Feuerzauberschaden
2161;+10 Feuerzauberschaden
2162;+11 Feuerzauberschaden
2163;+13 Feuerzauberschaden
2164;+14 Feuerzauberschaden
2165;+16 Feuerzauberschaden
2166;+17 Feuerzauberschaden
2167;+19 Feuerzauberschaden
2168;+20 Feuerzauberschaden
2169;+21 Feuerzauberschaden
2170;+23 Feuerzauberschaden
2171;+24 Feuerzauberschaden
2172;+26 Feuerzauberschaden
2173;+27 Feuerzauberschaden
2174;+29 Feuerzauberschaden
2175;+30 Feuerzauberschaden
2176;+31 Feuerzauberschaden
2177;+33 Feuerzauberschaden
2178;+34 Feuerzauberschaden
2179;+36 Feuerzauberschaden
2180;+37 Feuerzauberschaden
2181;+39 Feuerzauberschaden
2182;+40 Feuerzauberschaden
2183;+41 Feuerzauberschaden
2184;+43 Feuerzauberschaden
2185;+44 Feuerzauberschaden
2186;+46 Feuerzauberschaden
2187;+47 Feuerzauberschaden
2188;+49 Feuerzauberschaden
2189;+50 Feuerzauberschaden
2190;+51 Feuerzauberschaden
2191;+53 Feuerzauberschaden
2192;+54 Feuerzauberschaden
2193;+1 Heiligzauberschaden
2194;+3 Heiligzauberschaden
2195;+4 Heiligzauberschaden
2196;+6 Heiligzauberschaden
2197;+7 Heiligzauberschaden
2198;+9 Heiligzauberschaden
2199;+10 Heiligzauberschaden
2200;+11 Heiligzauberschaden
2201;+13 Heiligzauberschaden
2202;+14 Heiligzauberschaden
2203;+16 Heiligzauberschaden
2204;+17 Heiligzauberschaden
2205;+19 Heiligzauberschaden
2206;+20 Heiligzauberschaden
2207;+21 Heiligzauberschaden
2208;+23 Heiligzauberschaden
2209;+24 Heiligzauberschaden
2210;+26 Heiligzauberschaden
2211;+27 Heiligzauberschaden
2212;+29 Heiligzauberschaden
2213;+30 Heiligzauberschaden
2214;+31 Heiligzauberschaden
2215;+33 Heiligzauberschaden
2216;+34 Heiligzauberschaden
2217;+36 Heiligzauberschaden
2218;+37 Heiligzauberschaden
2219;+39 Heiligzauberschaden
2220;+40 Heiligzauberschaden
2221;+41 Heiligzauberschaden
2222;+43 Heiligzauberschaden
2223;+44 Heiligzauberschaden
2224;+46 Heiligzauberschaden
2225;+47 Heiligzauberschaden
2226;+49 Heiligzauberschaden
2227;+50 Heiligzauberschaden
2228;+51 Heiligzauberschaden
2229;+53 Heiligzauberschaden
2230;+54 Heiligzauberschaden
2231;+1 Frostzauberschaden
2232;+3 Frostzauberschaden
2233;+4 Frostzauberschaden
2234;+6 Frostzauberschaden
2235;+7 Frostzauberschaden
2236;+9 Frostzauberschaden
2237;+10 Frostzauberschaden
2238;+11 Frostzauberschaden
2239;+13 Frostzauberschaden
2240;+14 Frostzauberschaden
2241;+16 Frostzauberschaden
2242;+17 Frostzauberschaden
2243;+19 Frostzauberschaden
2244;+20 Frostzauberschaden
2245;+21 Frostzauberschaden
2246;+23 Frostzauberschaden
2247;+24 Frostzauberschaden
2248;+26 Frostzauberschaden
2249;+27 Frostzauberschaden
2250;+29 Frostzauberschaden
2251;+30 Frostzauberschaden
2252;+31 Frostzauberschaden
2253;+33 Frostzauberschaden
2254;+34 Frostzauberschaden
2255;+36 Frostzauberschaden
2256;+37 Frostzauberschaden
2257;+39 Frostzauberschaden
2258;+40 Frostzauberschaden
2259;+41 Frostzauberschaden
2260;+43 Frostzauberschaden
2261;+44 Frostzauberschaden
2262;+46 Frostzauberschaden
2263;+47 Frostzauberschaden
2264;+49 Frostzauberschaden
2265;+50 Frostzauberschaden
2266;+51 Frostzauberschaden
2267;+53 Frostzauberschaden
2268;+54 Frostzauberschaden
2269;+1 Naturzauberschaden
2270;+3 Naturzauberschaden
2271;+4 Naturzauberschaden
2272;+6 Naturzauberschaden
2273;+7 Naturzauberschaden
2274;+9 Naturzauberschaden
2275;+10 Naturzauberschaden
2276;+11 Naturzauberschaden
2277;+13 Naturzauberschaden
2278;+14 Naturzauberschaden
2279;+16 Naturzauberschaden
2280;+17 Naturzauberschaden
2281;+19 Naturzauberschaden
2282;+20 Naturzauberschaden
2283;+21 Naturzauberschaden
2284;+23 Naturzauberschaden
2285;+24 Naturzauberschaden
2286;+26 Naturzauberschaden
2287;+27 Naturzauberschaden
2288;+29 Naturzauberschaden
2289;+30 Naturzauberschaden
2290;+31 Naturzauberschaden
2291;+33 Naturzauberschaden
2292;+34 Naturzauberschaden
2293;+36 Naturzauberschaden
2294;+37 Naturzauberschaden
2295;+39 Naturzauberschaden
2296;+40 Naturzauberschaden
2297;+41 Naturzauberschaden
2298;+43 Naturzauberschaden
2299;+44 Naturzauberschaden
2300;+46 Naturzauberschaden
2301;+47 Naturzauberschaden
2302;+49 Naturzauberschaden
2303;+50 Naturzauberschaden
2304;+51 Naturzauberschaden
2305;+53 Naturzauberschaden
2306;+54 Naturzauberschaden
2307;+1 Zaubermacht
2308;+2 Zaubermacht
2309;+4 Zaubermacht
2310;+5 Zaubermacht
2311;+6 Zaubermacht
2312;+7 Zaubermacht
2313;+8 Zaubermacht
2314;+9 Zaubermacht
2315;+11 Zaubermacht
2316;+12 Zaubermacht
2317;+13 Zaubermacht
2318;+14 Zaubermacht
2319;+15 Zaubermacht
2320;+16 Zaubermacht
2321;+18 Zaubermacht
2322;+19 Zaubermacht
2323;+20 Zaubermacht
2324;+21 Zaubermacht
2325;+22 Zaubermacht
2326;+23 Zaubermacht
2327;+25 Zaubermacht
2328;+26 Zaubermacht
2329;+27 Zaubermacht
2330;+28 Zaubermacht
2331;+29 Zaubermacht
2332;+30 Zaubermacht
2333;+32 Zaubermacht
2334;+33 Zaubermacht
2335;+34 Zaubermacht
2336;+35 Zaubermacht
2337;+36 Zaubermacht
2338;+37 Zaubermacht
2339;+39 Zaubermacht
2340;+40 Zaubermacht
2341;+41 Zaubermacht
2342;+42 Zaubermacht
2343;+43 Zaubermacht
2344;+44 Zaubermacht
2363;Alle 5 Sek. 1 Mana
2364;Alle 5 Sek. 1 Mana
2365;Alle 5 Sek. 1 Mana
2366;Alle 5 Sek. 2 Mana
2367;Alle 5 Sek. 2 Mana
2368;Alle 5 Sek. 2 Mana
2369;Alle 5 Sek. 3 Mana
2370;Alle 5 Sek. 3 Mana
2371;Alle 5 Sek. 4 Mana
2372;Alle 5 Sek. 4 Mana
2373;Alle 5 Sek. 4 Mana
2374;Alle 5 Sek. 5 Mana
2375;Alle 5 Sek. 5 Mana
2376;Alle 5 Sek. 6 Mana
2377;Alle 5 Sek. 6 Mana
2378;Alle 5 Sek. 6 Mana
2379;Alle 5 Sek. 7 Mana
2380;Alle 5 Sek. 7 Mana
2381;+20 Willenskraft
2382;Alle 5 Sek. 8 Mana
2383;Alle 5 Sek. 8 Mana
2384;Alle 5 Sek. 9 Mana
2385;Alle 5 Sek. 9 Mana
2386;+24 Willenskraft
2387;+25 Willenskraft
2388;+26 Willenskraft
2389;+27 Willenskraft
2390;+28 Willenskraft
2391;+29 Willenskraft
2392;+30 Willenskraft
2393;+31 Willenskraft
2394;+32 Willenskraft
2395;+33 Willenskraft
2396;Alle 5 Sek. 14 Mana
2397;Alle 5 Sek. 14 Mana
2398;Alle 5 Sek. 14 Mana
2399;Alle 5 Sek. 15 Mana
2400;Alle 5 Sek. 15 Mana
2401;Alle 5 Sek. 1 Gesundheit
2402;Alle 5 Sek. 1 Gesundheit
2403;Alle 5 Sek. 1 Gesundheit
2404;Alle 5 Sek. 1 Gesundheit
2405;Alle 5 Sek. 1 Gesundheit
2406;Alle 5 Sek. 2 Gesundheit
2407;Alle 5 Sek. 2 Gesundheit
2408;Alle 5 Sek. 2 Gesundheit
2409;Alle 5 Sek. 2 Gesundheit
2410;Alle 5 Sek. 3 Gesundheit
2411;Alle 5 Sek. 3 Gesundheit
2412;Alle 5 Sek. 3 Gesundheit
2413;Alle 5 Sek. 3 Gesundheit
2414;Alle 5 Sek. 4 Gesundheit
2415;Alle 5 Sek. 4 Gesundheit
2416;Alle 5 Sek. 4 Gesundheit
2417;Alle 5 Sek. 4 Gesundheit
2418;Alle 5 Sek. 5 Gesundheit
2419;Alle 5 Sek. 5 Gesundheit
2420;Alle 5 Sek. 5 Gesundheit
2421;Alle 5 Sek. 5 Gesundheit
2422;Alle 5 Sek. 6 Gesundheit
2423;Alle 5 Sek. 6 Gesundheit
2424;Alle 5 Sek. 6 Gesundheit
2425;Alle 5 Sek. 6 Gesundheit
2426;Alle 5 Sek. 7 Gesundheit
2427;Alle 5 Sek. 7 Gesundheit
2428;Alle 5 Sek. 7 Gesundheit
2429;Alle 5 Sek. 7 Gesundheit
2430;Alle 5 Sek. 8 Gesundheit
2431;Alle 5 Sek. 8 Gesundheit
2432;Alle 5 Sek. 8 Gesundheit
2433;Alle 5 Sek. 8 Gesundheit
2434;Alle 5 Sek. 9 Gesundheit
2435;Alle 5 Sek. 9 Gesundheit
2436;Alle 5 Sek. 9 Gesundheit
2437;Alle 5 Sek. 9 Gesundheit
2438;Alle 5 Sek. 10 Gesundheit
2443;+7 Frostzauberschaden
2463;+7 Feuerwiderstand
2483;+5 Feuerwiderstand
2484;+5 Frostwiderstand
2485;+5 Arkanwiderstand
2486;+5 Naturwiderstand
2487;+5 Schattenwiderstand
2488;+5 alle Widerstandsarten
2503;+5 Ausweichwertung
2504;+30 Zaubermacht
2505;+29 Zaubermacht
2506;+28 Kritische Nahkampftrefferwertung
2523;+30 Distanztrefferwertung
2543;+10 Tempowertung
2544;+8 Zaubermacht
2545;+12 Ausweichwertung
2563;+15 Stärke
2564;+15 Beweglichkeit
2565;Alle 5 Sek. 5 Mana
2566;+13 Zaubermacht
2567;+20 Willenskraft
2568;+22 Intelligenz
2583;+10 Ausweichwertung, +10 Ausdauer und +10 Parierwertung
2584;+10 Ausweichwertung, +10 Ausdauer und +10 Intelligenz
2585;+28 Angriffskraft / +12 Ausweichwertung
2586;+24 Distanzangriffskraft / +10 Ausdauer / +10 Trefferwertung
2587;+13 Zaubermacht und +15 Intelligenz
2588;+18 Zaubermacht und +8 Trefferwertung
2589;+18 Zaubermacht und +10 Ausdauer
2590;+10 Intelligenz, +10 Ausdauer und +10 Willenskraft
2591;+10 Intelligenz, +10 Ausdauer und +12 Zaubermacht
2603;+2 Angeln
2604;+18 Zaubermacht
2605;+18 Zaubermacht
2606;+30 Angriffskraft
2607;+12 Zaubermacht
2608;+13 Zaubermacht
2609;+15 Zaubermacht
2610;+14 Zaubermacht
2611;zzOLDBlank
2612;+18 Zaubermacht
2613;+2% Bedrohung
2614;+20 Schattenzaubermacht
2615;+20 Frostzaubermacht
2616;+20 Feuerzaubermacht
2617;+16 Zaubermacht
2618;+15 Beweglichkeit
2619;+15 Feuerwiderstand
2620;+15 Naturwiderstand
2621;2% verringerte Bedrohung
2622;+12 Ausweichwertung
2623;Schwaches Zauberöl
2624;Schwaches Manaöl
2625;Geringes Manaöl
2626;Geringes Zauberöl
2627;Zauberöl
2628;Hervorragendes Zauberöl
2629;Hervorragendes Manaöl
2630;Tödliches Gift V
2631;Rückkopplung 6
2632;Felsbeißer 8
2633;Felsbeißer 9
2634;Flammenzunge 7
2635;Frostbrand 6
2636;Windzorn 5
2637;Totem der Flammenzunge 5
2638;Totem des Windzorns 4
2639;Totem des Windzorns 5
2640;Beruhigendes Gift
2641;Sofort wirkendes Gift VII
2642;Tödliches Gift VI
2643;Tödliches Gift VII
2644;Wundgift V
2645;Feuerstein 5
2646;+25 Beweglichkeit
2647;+12 Stärke
2648;+12 Ausweichwertung
2649;+12 Ausdauer
2650;+15 Zaubermacht
2651;+12 Zaubermacht
2652;+11 Zaubermacht
2653;+12 Ausweichwertung
2654;+12 Intelligenz
2655;+15 Parierwertung
2656;Alle 5 Sek. 5 Gesundheit und Mana
2657;+12 Beweglichkeit
2658;+10 Trefferwertung und +10 kritische Trefferwertung
2659;+150 Gesundheit
2660;+150 Mana
2661;+6 alle Werte
2662;+120 Rüstung
2663;+7 alle Widerstandsarten
2664;+7 alle Widerstandsarten
2665;+35 Willenskraft
2666;+30 Intelligenz
2667;+70 Angriffskraft
2668;+20 Stärke
2669;+40 Zaubermacht
2670;+35 Beweglichkeit
2671;+50 Arkan- und Feuerzaubermacht
2672;+54 Schatten- und Frostzaubermacht
2673;Mungo
2674;Zauberflut
2675;Meister des Kampfes
2676;Überragendes Manaöl
2677;Überragendes Manaöl
2678;Überragendes Zauberöl
2679;Alle 5 Sek. 8 Mana
2680;+7 alle Widerstandsarten
2681;+10 Naturwiderstand
2682;+10 Frostwiderstand
2683;+10 Schattenwiderstand
2684;+100 Angriffskraft gegen Untote
2685;+60 Zaubermacht gegen Untote
2686;+8 Stärke
2687;+8 Beweglichkeit
2688;+8 Ausdauer
2689;Alle 5 Sek. 8 Mana
2690;+6 Intelligenz
2691;+6 Stärke
2692;+7 Intelligenz
2693;+6 Beweglichkeit
2694;+6 Intelligenz
2695;+6 Kritische Trefferwertung
2696;+6 Ausweichwertung
2697;+6 Trefferwertung
2698;+9 Ausdauer
2699;+6 Willenskraft
2700;+8 Zauberdurchschlag
2701;+6 Willenskraft
2702;+12 Beweglichkeit (2 rote Edelsteine)
2703;+4 Beweglichkeit pro verschiedenfarbigem Edelstein
2704;+12 Stärke wenn 4 blaue Edelsteine angelegt
2705;+3 Tempowertung und +3 Intelligenz
2706;+3 Ausweichwertung und +4 Ausdauer
2707;+3 Intelligenz und +3 Willenskraft
2708;+3 Intelligenz und +4 Ausdauer
2709;+3 Intelligenz und +3 Willenskraft
2710;+3 Beweglichkeit und +4 Ausdauer
2711;+3 Stärke und +4 Ausdauer
2712;Geschärft (+12 Schaden)
2713;Geschärft (+14 kritische Trefferwertung und +12 Schaden)
2714;Teufelsstahlstachel (26-38)
2715;+16 Zaubermacht und alle 5 Sek. 6 Mana
2716;+16 Ausdauer und +100 Rüstung
2717;+26 Angriffskraft und +14 kritische Trefferwertung
2718;Geringe Rune des Schutzes
2719;Geringer Zauberschutz der Abschirmung
2720;Großer Zauberschutz der Abschirmung
2721;+15 Zaubermacht und +14 kritische Trefferwertung
2722;Zielfernrohr (+10 Schaden)
2723;Zielfernrohr (+12 Schaden)
2724;Zielfernrohr (+28 kritische Trefferwertung)
2725;+8 Stärke
2726;+8 Beweglichkeit
2727;+8 Intelligenz
2728;+8 Intelligenz
2729;+8 Beweglichkeit
2730;+8 Ausweichwertung
2731;+12 Ausdauer
2732;+8 Willenskraft
2733;+8 Willenskraft
2734;+8 Intelligenz
2735;+8 Kritische Trefferwertung
2736;+8 Kritische Trefferwertung
2737;+8 Ausweichwertung
2738;+4 Stärke und +6 Ausdauer
2739;+4 Beweglichkeit und +6 Ausdauer
2740;+5 Intelligenz und +6 Ausdauer
2741;+4 Intelligenz und +4 Willenskraft
2742;+4 Intelligenz und +4 Tempowertung
2743;+4 Ausweichwertung und +6 Ausdauer
2744;+4 Intelligenz und +4 Willenskraft
2745;+25 Zaubermacht und +15 Ausdauer
2746;+35 Zaubermacht und +20 Ausdauer
2747;+25 Zaubermacht und +15 Ausdauer
2748;+35 Zaubermacht und +20 Ausdauer
2749;+12 Intelligenz
2750;Alle 5 Sek. 6 Mana
2751;+14 Kritische Trefferwertung
2752;+3 Kritische Trefferwertung und +3 Stärke
2753;+4 Kritische Trefferwertung und +4 Stärke
2754;+8 Parierwertung
2755;+3 Trefferwertung und +3 Beweglichkeit
2756;+4 Beweglichkeit und +4 Trefferwertung
2757;+3 Kritische Trefferwertung und +4 Ausdauer
2758;+4 Kritische Trefferwertung und +6 Ausdauer
2759;+8 Abhärtungswertung
2760;+3 Kritische Trefferwertung und +3 Intelligenz
2761;+4 Intelligenz und +4 kritische Trefferwertung
2762;+3 Kritische Trefferwertung und +4 Zauberdurchschlag
2763;+4 Kritische Trefferwertung und +5 Zauberdurchschlag
2764;+8 Trefferwertung
2765;+10 Zauberdurchschlag
2766;+8 Intelligenz
2767;+8 Trefferwertung
2768;+16 Zaubermacht
2769;+11 Trefferwertung
2770;+7 Zaubermacht
2771;+8 Kritische Trefferwertung
2772;+14 Kritische Trefferwertung
2773;+16 Kritische Trefferwertung
2774;+11 Intelligenz
2775;+11 Kritische Trefferwertung
2776;+8 Willenskraft
2777;+13 Willenskraft
2778;+16 Zauberdurchschlag
2779;+16 Willenskraft
2780;+20 Zauberdurchschlag
2781;+19 Ausdauer
2782;+10 Beweglichkeit
2783;+14 Trefferwertung
2784;+12 Trefferwertung
2785;+13 Trefferwertung
2786;+7 Trefferwertung
2787;+8 Kritische Trefferwertung
2788;+9 Abhärtung
2789;+15 Abhärtung
2790;Geringe Rune des Schutzes
2791;Große Rune des Schutzes
2792;+8 Ausdauer
2793;+8 Ausweichwertung
2794;+8 Willenskraft
2795;Bequeme Einlegesohlen
2796;+15 Ausweichwertung
2797;+9 Ausweichwertung
2798;+$i Intelligenz (+$n/+$f)
2799;+$i Ausdauer (+$n/+$f)
2800;+$i Rüstung (+$n/+$f)
2801;+8 Abhärtung
2802;+$i Beweglichkeit
2803;+$i Ausdauer
2804;+$i Intelligenz
2805;+$i Stärke
2806;+$i Willenskraft
2807;+$i Arkanschaden
2808;+$i Feuerschaden
2809;+$i Naturschaden
2810;+$i Frostschaden
2811;+$i Schattenschaden
2812;+$i Heilung
2813;+$i Ausweichwertung
2814;Alle 5 Sek. $i Gesundheit
2815;+$i Ausweichwertung
2816;Alle 5 Sek. $i Mana
2817;+$i Arkanwiderstand
2818;+$i Feuerwiderstand
2819;+$i Frostwiderstand
2820;+$i Naturwiderstand
2821;+$i Schattenwiderstand
2822;+$i Kritische Trefferwertung
2823;+$i Kritische Trefferwertung
2824;+$i Zaubermacht
2825;+$i Angriffskraft
2826;+$i Blockwertung
2827;+14 Kritische Trefferwertung und 1% Zauberreflexion
2828;Chance, Zaubertempo zu erhöhen
2829;+12 Kritische Trefferwertung und geringe Bewegungstempoerhöhung
2830;+12 Kritische Trefferwertung und um 10% verringerte Dauer von Bewegungseinschränkung
2831;+18 Ausdauer und Betäubungsdauer um 10% verringert
2832;+12 Intelligenz und um 2% verringerte Bedrohung
2833;+12 Ausweichwertung und Chance, bei Treffer Gesundheit wiederherzustellen
2834;+3 Nahkampfschaden und Chance, Ziel zu betäuben
2835;+12 Intelligenz und Chance, beim Zauberwirken Mana wiederherzustellen
2836;Alle 5 Sek. 3 Mana
2837;+7 Willenskraft
2838;+7 Kritische Trefferwertung
2839;+14 Kritische Trefferwertung
2840;+21 Ausdauer
2841;+10 Ausdauer
2842;+8 Willenskraft
2843;+8 Kritische Trefferwertung
2844;+8 Trefferwertung
2845;+11 Trefferwertung
2846;Alle 5 Sek. 4 Mana
2847;Alle 5 Sek. 4 Mana
2848;Alle 5 Sek. 5 Mana
2849;+7 Ausweichwertung
2850;+13 Kritische Trefferwertung
2851;+19 Ausdauer
2852;Alle 5 Sek. 7 Mana
2853;Alle 5 Sek. 8 Mana
2854;Alle 5 Sek. 3 Mana
2855;Alle 5 Sek. 5 Mana
2856;+4 Abhärtungswertung
2857;+2 Kritische Trefferwertung
2858;+2 Kritische Trefferwertung
2859;+3 Abhärtungswertung
2860;+3 Trefferwertung
2861;+3 Ausweichwertung
2862;+3 Abhärtungswertung
2863;+3 Intelligenz
2864;+4 Kritische Trefferwertung
2865;+4 Willenskraft
2866;+3 Willenskraft
2867;+2 Abhärtungswertung
2868;+6 Ausdauer
2869;+4 Intelligenz
2870;+3 Parierwertung
2871;+4 Ausweichwertung
2872;+5 Zaubermacht
2873;+4 Trefferwertung
2874;+4 Kritische Trefferwertung
2875;+3 Kritische Trefferwertung
2876;+3 Ausweichwertung
2877;+4 Beweglichkeit
2878;+4 Abhärtungswertung
2879;+3 Stärke
2880;+3 Trefferwertung
2881;+2 Willenskraft
2882;+6 Ausdauer
2883;+4 Ausdauer
2884;+2 Kritische Trefferwertung
2885;+2 Kritische Trefferwertung
2886;+2 Trefferwertung
2887;+3 Kritische Trefferwertung
2888;+6 Blockwert
2889;+5 Zaubermacht
2890;+4 Willenskraft
2891;+10 Abhärtungswertung
2892;+4 Stärke
2893;+3 Beweglichkeit
2894;+7 Stärke
2895;+4 Ausdauer
2896;+7 Intelligenz
2897;+3 Ausdauer, +4 kritische Trefferwertung
2898;+3 Ausdauer, +4 kritische Trefferwertung
2899;+3 Ausdauer, +4 kritische Trefferwertung
2900;+4 Zaubermacht
2901;+2 Zaubermacht
2902;+2 Kritische Trefferwertung
2906;+$i Ausdauer und +$i Intelligenz
2907;+2 Parierwertung
2908;+4 Trefferwertung
2909;+2 Trefferwertung
2910;+3 Zaubermacht
2911;+10 Stärke
2912;+10 Intelligenz
2913;+10 Kritische Trefferwertung
2914;+10 Kritische Trefferwertung
2915;+5 Stärke, +5 kritische Trefferwertung
2916;+5 Kritische Trefferwertung und +5 Intelligenz
2917;Edelsteintestverzauberung
2918;+3 Ausdauer, +4 kritische Trefferwertung
2919;+7 Stärke
2921;+3 Ausdauer und +4 kritische Trefferwertung
2922;+7 Stärke
2923;+3 Ausdauer und +4 kritische Trefferwertung
2924;+7 Intelligenz
2925;+3 Ausdauer
2926;+2 Ausweichwertung
2927;+4 Stärke
2928;+12 Zaubermacht
2929;+2 Waffenschaden
2930;+12 Zaubermacht
2931;+4 alle Werte
2932;+4 Ausweichwertung
2933;+15 Abhärtungswertung
2934;+10 Kritische Trefferwertung
2935;+15 Trefferwertung
2936;+8 Angriffskraft
2937;+20 Zaubermacht
2938;+20 Zauberdurchschlag
2939;Schwaches Tempo und Beweglichkeit +6
2940;Schwaches Tempo und +9 Ausdauer
2941;+2 Trefferwertung
2942;+6 Kritische Trefferwertung
2943;+7 Beweglichkeit
2944;+7 Beweglichkeit
2945;+10 Beweglichkeit
2946;+5 Beweglichkeit und +5 kritische Trefferwertung
2947;+3 alle Widerstandsarten
2948;+4 alle Widerstandsarten
2949;+10 Beweglichkeit
2950;+10 Kritische Trefferwertung
2951;+4 Kritische Trefferwertung
2952;+4 Kritische Trefferwertung
2953;+2 Zaubermacht
2954;Beschwert (+12 Schaden)
2955;Beschwert (+14 kritische Trefferwertung und +12 Schaden)
2956;+4 Stärke
2957;+4 Beweglichkeit
2958;+4 Intelligenz
2959;+4 Intelligenz
2960;+4 Beweglichkeit
2961;+6 Ausdauer
2962;+4 Willenskraft
2963;+4 Willenskraft
2964;+4 Intelligenz
2965;+4 Kritische Trefferwertung
2966;+4 Trefferwertung
2967;+4 Kritische Trefferwertung
2968;+4 Ausweichwertung
2969;+10 Kritische Trefferwertung und geringe Bewegungstempoerhöhung
2970;+10 Intelligenz und geringe Bewegungstempoerhöhung
2971;+6 Beweglichkeit
2972;+4 Blockwertung
2973;+6 Angriffskraft
2974;+4 Zaubermacht
2975;+5 Blockwert
2976;+2 Ausweichwertung
2977;+13 Ausweichwertung
2978;+15 Ausweichwertung und +15 Ausdauer
2979;+15 Zaubermacht
2980;+15 Intelligenz und +10 Willenskraft
2981;+15 Zaubermacht
2982;+18 Zaubermacht und +10 kritische Trefferwertung
2983;+26 Angriffskraft
2984;+8 Schattenwiderstand
2985;+8 Feuerwiderstand
2986;+30 Angriffskraft und +10 kritische Trefferwertung
2987;+8 Frostwiderstand
2988;+8 Naturwiderstand
2989;+8 Arkanwiderstand
2990;+13 Ausweichwertung
2991;+10 Ausweichwertung und +15 Parierwertung
2992;+12 Willenskraft
2993;+10 Intelligenz und +16 Willenskraft
2994;+13 Kritische Trefferwertung
2995;+15 Kritische Trefferwertung und +12 Zaubermacht
2996;+13 Kritische Trefferwertung
2997;+15 Kritische Trefferwertung und +20 Angriffskraft
2998;+7 alle Widerstandsarten
2999;+16 Parierwertung und +17 Ausweichwertung
3000;+18 Ausdauer, +12 Ausweichwertung und +12 Abhärtungswertung
3001;+16 Intelligenz und +18 Willenskraft
3002;+22 Zaubermacht und +14 Trefferwertung
3003;+34 Angriffskraft und +16 Trefferwertung
3004;+18 Ausdauer und +20 Abhärtungswertung
3005;+20 Naturwiderstand
3006;+20 Arkanwiderstand
3007;+20 Feuerwiderstand
3008;+20 Frostwiderstand
3009;+20 Schattenwiderstand
3010;+40 Angriffskraft und +10 kritische Trefferwertung
3011;+30 Ausdauer und +10 Beweglichkeit
3012;+50 Angriffskraft und +12 kritische Trefferwertung
3013;+40 Ausdauer und +12 Beweglichkeit
3014;Totem des Windzorns 5 (St70 Test)
3015;+2 Stärke
3016;+2 Intelligenz
3017;+3 Blockwertung
3018;Felsbeißer 9
3019;Felsbeißer 9
3020;Felsbeißer 9
3021;Felsbeißer
3022;Felsbeißer 1
3023;Felsbeißer 1
3024;Felsbeißer 2
3025;Felsbeißer 2
3026;Felsbeißer 2
3027;Felsbeißer 3
3028;Felsbeißer 3
3029;Felsbeißer 3
3030;Felsbeißer 4
3031;Felsbeißer 4
3032;Felsbeißer 4
3033;Felsbeißer 5
3034;Felsbeißer 5
3035;Felsbeißer 5
3036;Felsbeißer 6
3037;Felsbeißer 6
3038;Felsbeißer 6
3039;Felsbeißer 7
3040;Felsbeißer 7
3041;Felsbeißer 7
3042;Felsbeißer 8
3043;Felsbeißer 8
3044;Felsbeißer 8
3045;+5 Stärke und +6 Ausdauer
3046;+5 Intelligenz und +4 Tempowertung
3047;+5 Kritische Trefferwertung und +6 Ausdauer
3048;+5 Beweglichkeit und +6 Ausdauer
3049;+5 Kritische Trefferwertung und +4 Willenskraft
3050;+5 Intelligenz und +4 Tempowertung
3051;+5 Intelligenz und +6 Ausdauer
3052;+5 Beweglichkeit und +4 Trefferwertung
3053;+4 Ausweichwertung und +5 Parierwertung
3054;+5 Intelligenz und +6 Ausdauer
3055;+5 Beweglichkeit und +4 Trefferwertung
3056;+4 Ausweichwertung und +5 Parierwertung
3057;+5 Stärke und +4 Trefferwertung
3058;+5 Kritische Trefferwertung und +4 Willenskraft
3059;+5 Kritische Trefferwertung und alle 5 Sek. 2 Mana
3060;+5 Ausweichwertung und +6 Ausdauer
3061;+5 Intelligenz und +4 Trefferwertung
3062;+5 Kritische Trefferwertung und +6 Ausdauer
3063;+5 Parierwertung und +6 Ausdauer
3064;+5 Willenskraft und +5 Intelligenz
3065;+8 Stärke
3066;+5 Intelligenz und +5 Zauberdurchschlag
3067;+5 Beweglichkeit und +6 Ausdauer
3068;+5 Ausweichwertung und +4 Trefferwertung
3069;+5 Intelligenz und +4 Abhärtungswertung
3070;+5 Beweglichkeit und +4 kritische Trefferwertung
3071;+5 Intelligenz und +6 Ausdauer
3072;+5 Stärke und +4 kritische Trefferwertung
3073;+5 Ausweichwertung und +4 Beweglichkeit
3074;+5 Intelligenz und +4 Willenskraft
3075;+4 Ausweichwertung und +5 Stärke
3076;+5 Intelligenz und +4 kritische Trefferwertung
3077;+5 Intelligenz und +4 Willenskraft
3078;+5 Ausweichwertung und +6 Ausdauer
3079;+5 Beweglichkeit und +4 Abhärtungswertung
3080;+6 Ausdauer und +5 Abhärtungswertung
3081;+5 Intelligenz und +4 kritische Trefferwertung
3082;+5 Ausweichwertung und +6 Ausdauer
3083;+5 Intelligenz und +4 Willenskraft
3084;+5 Abhärtungswertung und +6 Ausdauer
3085;+6 Ausdauer und +5 kritische Trefferwertung
3086;+5 Intelligenz und +4 Willenskraft
3087;+5 Stärke und +4 Abhärtungswertung
3088;+5 Trefferwertung und +4 Ausweichwertung
3089;+5 Trefferwertung und +4 Tempowertung
3090;+5 Parierwertung und +4 Abhärtungswertung
3091;+5 Kritische Trefferwertung und +5 Zauberdurchschlag
3092;+3 Kritische Trefferwertung
3093;+150 Angriffskraft gegen Untote und Dämonen
3094;+4 Waffenkundewertung
3095;+8 alle Widerstandsarten
3096;+17 Stärke und +16 Intelligenz
3097;+2 Willenskraft
3098;+2 Zaubermacht
3099;+5 Intelligenz und +6 Ausdauer
3100;+5 Intelligenz und +6 Ausdauer
3101;+5 Stärke und +6 Ausdauer
3102;Gift
3103;+8 Stärke
3104;+6 Trefferwertung
3105;+8 Trefferwertung
3106;+3 Beweglichkeit und +4 Ausdauer
3107;+4 Beweglichkeit und +6 Ausdauer
3108;+3 Beweglichkeit und +4 Ausdauer
3109;+4 Beweglichkeit und +4 Trefferwertung
3110;+3 Intelligenz und +3 Trefferwertung
3111;+4 Intelligenz und +4 Trefferwertung
3112;+4 Beweglichkeit und +4 kritische Trefferwertung
3113;+3 Kritische Trefferwertung und +3 Beweglichkeit
3114;+4 Angriffskraft
3115;+10 Stärke
3116;+10 Beweglichkeit
3117;+10 Intelligenz
3118;+10 Intelligenz
3119;+10 Beweglichkeit
3120;+10 Ausweichwertung
3121;+10 Parierwertung
3122;+15 Ausdauer
3123;+10 Willenskraft
3124;+10 Willenskraft
3125;+13 Zauberdurchschlag
3126;+10 Intelligenz
3127;+10 Kritische Trefferwertung
3128;+10 Trefferwertung
3129;+10 Kritische Trefferwertung
3130;+10 Ausweichwertung
3131;+10 Abhärtungswertung
3132;+10 Trefferwertung
3133;+5 Stärke und +7 Ausdauer
3134;+5 Beweglichkeit und +7 Ausdauer
3135;+5 Beweglichkeit und +7 Ausdauer
3136;+5 Beweglichkeit und +5 Trefferwertung
3137;+5 Intelligenz und +7 Ausdauer
3138;+5 Intelligenz und +5 Willenskraft
3139;+5 Kritische Trefferwertung und +5 Stärke
3140;+5 Intelligenz und +5 kritische Trefferwertung
3141;+5 Intelligenz und +5 Tempowertung
3142;+5 Beweglichkeit und +5 Trefferwertung
3143;+5 Intelligenz und +5 Trefferwertung
3144;+5 Beweglichkeit und +5 kritische Trefferwertung
3145;+5 Ausweichwertung und +7 Ausdauer
3146;+5 Kritische Trefferwertung und +6 Zauberdurchschlag
3147;+5 Intelligenz und +5 Willenskraft
3148;+5 Kritische Trefferwertung und +7 Ausdauer
3149;+2 Beweglichkeit
3150;Alle 5 Sek. 7 Mana
3151;+2 Zaubermacht
3152;+2 Kritische Trefferwertung
3153;+2 Zaubermacht
3154;+12 Beweglichkeit und um 3% erhöhter kritischer Schaden
3155;Chance, Nahkampf- und Distanzangriffstempo zu erhöhen
3156;+5 Beweglichkeit und +6 Ausdauer
3157;+4 Intelligenz und +6 Ausdauer
3158;+5 Intelligenz und +4 Willenskraft
3159;+5 Beweglichkeit und +4 kritische Trefferwertung
3160;+5 Intelligenz und +4 Tempowertung
3161;+4 Ausdauer und +4 kritische Trefferwertung
3162;+12 Kritische Trefferwertung und 5% Betäubungswiderstand
3163;+12 Intelligenz und 5% Betäubungswiderstand
3164;+3 Ausdauer
3197;+10 Beweglichkeit
3198;+5 Zaubermacht
3199;+170 Rüstung
3200;+4 Willenskraft und +5 Zaubermacht
3201;+3 Intelligenz und +3 Willenskraft
3202;+4 Intelligenz und +4 Willenskraft
3204;+3 Kritische Trefferwertung
3205;+3 Kritische Trefferwertung
3206;+8 Beweglichkeit
3207;+12 Stärke
3208;+12 Beweglichkeit
3209;+12 Beweglichkeit
3210;+12 Intelligenz
3211;+12 Intelligenz
3212;+18 Ausdauer
3213;Alle 5 Sek. 6 Mana
3214;+12 Willenskraft
3215;+12 Abhärtungswertung
3216;+12 Intelligenz
3217;+12 Kritische Trefferwertung
3218;+12 Trefferwertung
3219;+12 Trefferwertung
3220;+12 Kritische Trefferwertung
3221;+12 Ausweichwertung
3222;+20 Beweglichkeit
3223;Adamantitwaffenkette
3224;+6 Beweglichkeit
3225;Scharfrichter
3226;+4 Abhärtungswertung und +6 Ausdauer
3227;+10 Kritische Trefferwertung
3228;+34 Angriffskraft
3229;+12 Abhärtungswertung
3230;+20 Frostwiderstand
3231;+15 Waffenkundewertung
3232;+15 Ausdauer und schwache Temposteigerung
3233;+250 Mana
3234;+20 Trefferwertung
3235;+12 alle Widerstandsarten
3236;+200 Gesundheit
3237;+10 Waffenschaden
3238;Sammler
3239;Eisbrecher
3240;+23 Zaubermacht
3241;Lebensschutz
3242;+5 alle Widerstandsarten
3243;+35 Zauberdurchschlag
3244;Alle 5 Sek. 7 Gesundheit und Mana
3245;+20 Abhärtungswertung
3246;+28 Zaubermacht
3247;+140 Angriffskraft gegen Untote
3248;+18 Waffenkundewertung
3249;+16 Kritische Trefferwertung
3250;Eiswandler
3251;Riesentöten
3252;+8 alle Werte
3253;+2% Bedrohung und +10 Parierwertung
3254;+4 alle Werte
3255;+55 Zaubermacht
3256;+10 Beweglichkeit und +40 Rüstung
3257;+54 Zaubermacht
3258;+18 Zaubermacht
3259;+22 Ausdauer
3260;+240 Rüstung
3261;+12 Kritische Trefferwertung und um 3% erhöhter kritischer Schaden
3262;+15 Ausdauer
3263;+4 Kritische Trefferwertung
3264;+150 Rüstung, -10% Tempo
3265;Gesegnete Waffenbeschichtung
3266;Rechtschaffene Waffenbeschichtung
3267;+4 Tempowertung
3268;+15 Ausdauer
3269;+3 Angeln
3270;+8 Tempowertung
3271;+4 Intelligenz und +4 Tempowertung
3272;+4 Tempowertung und +6 Ausdauer
3273;Todeskälte
3274;+12 Ausweichwertung und +1% Schildblockwert
3275;+12 Intelligenz und +2% maximales Mana
3276;+20 Angriffskraft
3277;+12 Zaubermacht
3278;+12 Zaubermacht
3279;+3 Zaubermacht
3280;+4 Ausweichwertung und +6 Ausdauer
3281;+10 Beweglichkeit
3282;+10 Intelligenz
3283;+10 Intelligenz
3284;+5 Abhärtungswertung und +7 Ausdauer
3285;+5 Tempowertung und +7 Ausdauer
3286;+5 Intelligenz und +5 Tempowertung
3287;+10 Tempowertung
3288;Test Reitgertenverzauberung
3289;+10% Reittiertempo
3290;Federgetriebener Unhangexpander
3291;Test On Use Charges
3292;+34 Beweglichkeit
3293;+51 Ausdauer
3294;+225 Rüstung
3295;+16 Tempowertung
3296;+10 Willenskraft und 2% verringerte Bedrohung
3297;+275 Gesundheit
3298;Außergewöhlniches Manaöl
3299;Außergewöhnliches Zauberöl
3300;+19 Zaubermacht
3301;+6 Kritische Trefferwertung
3302;+8 Ausweichwertung
3303;+8 Tempowertung
3304;+8 Ausweichwertung
3305;+12 Ausdauer
3306;Alle 5 Sek. 2 Mana
3307;+9 Ausdauer
3308;+4 Tempowertung
3309;+6 Tempowertung
3310;+6 Intelligenz
3311;+6 Willenskraft
3312;+8 Stärke
3313;+8 Beweglichkeit
3314;+8 Kritische Trefferwertung
3315;+3% Reittiertempo
3316;+6 Kritische Trefferwertung
3317;+21 Ausdauer
3318;+5 Intelligenz und +5 Willenskraft
3319;Test: Sockelverzauberung hinzufügen
3320;Test Fertigkeitsbedingung Verzauberkunst
3321;+150 Rüstung
3322;Gefrorene Runenwaffe
3324;+10 Kritische Trefferwertung
3325;+45 Ausdauer und +15 Beweglichkeit
3326;+55 Angriffskraft und +15 kritische Trefferwertung
3327;+55 Ausdauer und +22 Beweglichkeit
3328;+75 Angriffskraft und +22 kritische Trefferwertung
3329;+12 Ausdauer
3330;+18 Ausdauer
3331;+72 Ausdauer und +35 Beweglichkeit
3332;+100 Angriffskraft und +36 kritische Trefferwertung
3333;QA Test Leer - Violette Edelsteinverzauberung
3334;Nordendflug
3335;+10 Beweglichkeit
3336;+10 Kritische Trefferwertung
3337;+5 Beweglichkeit und +5 kritische Trefferwertung
3338;+5 Intelligenz und +5 kritische Trefferwertung
3339;+10 Intelligenz
3340;+10 Kritische Trefferwertung
3341;Gefrorene Runenklinge 2
3342;Gefrorene Runenklinge 3
3343;Gefrorene Runenklinge 4
3344;Gefrorene Runenklinge 5
3345;Lebensgeister
3346;Lebensgeister 2
3347;Lebensgeister 3
3348;Lebensgeister 4
3349;Lebensgeister 5
3350;Lebensgeister 6
3351;+6 Trefferwertung
3352;+8 Willenskraft
3353;+8 Intelligenz
3354;+12 Ausdauer
3355;+6 Beweglichkeit
3356;+12 Angriffskraft
3357;+6 Stärke
3358;+6 Ausweichwertung
3359;+4 Parierwertung
3360;+8 Parierwertung
3361;+6 Blockwertung
3362;+6 Waffenkundewertung
3363;+9 Blockwert
3364;Runenwaffe verstärken
3365;Rune des Schwertberstens
3366;Rune des Lichbanns
3367;Rune des Zauberberstens
3368;Rune des gefallenen Kreuzfahrers
3369;Rune des schwarzen Gletschers
3370;Rune des schneidenden Eises
3371;+12 Stärke
3374;+12 Beweglichkeit
3375;+12 Beweglichkeit
3376;+12 Ausweichwertung
3377;+12 Parierwertung
3378;+12 Kritische Trefferwertung
3379;+12 Waffenkundewertung
3380;+12 Intelligenz
3381;+12 Intelligenz
3382;+12 Kritische Trefferwertung
3383;+12 Trefferwertung
3384;+12 Ausweichwertung
3385;+12 Abhärtungswertung
3386;+12 Tempowertung
3387;+18 Ausdauer
3388;+12 Willenskraft
3389;+12 Willenskraft
3390;+15 Zauberdurchschlag
3391;+6 Kritische Trefferwertung und +9 Ausdauer
3392;+6 Stärke und +9 Ausdauer
3393;+6 Beweglichkeit und +9 Ausdauer
3394;+6 Intelligenz und +9 Ausdauer
3395;+6 Beweglichkeit und +9 Ausdauer
3396;+6 Ausweichwertung und +9 Ausdauer
3397;+6 Parierwertung und +9 Ausdauer
3398;+6 Waffenkundewertung und +9 Ausdauer
3399;+6 Intelligenz und +6 Willenskraft
3400;+6 Beweglichkeit und +6 Trefferwertung
3401;+6 Intelligenz und +6 Willenskraft
3402;+6 Beweglichkeit und +6 Trefferwertung
3403;+6 Intelligenz und +8 Zauberdurchschlag
3404;+6 Intelligenz und +6 Tempowertung
3405;+6 Stärke und +6 kritische Trefferwertung
3406;+6 Beweglichkeit und +6 Trefferwertung
3407;+6 Ausweichwertung und +6 Stärke
3408;+6 Stärke und +6 Abhärtungswertung
3409;+6 Stärke und +6 Tempowertung
3410;+6 Beweglichkeit und +6 kritische Trefferwertung
3411;+6 Stärke und +6 Trefferwertung
3412;+6 Beweglichkeit und +6 Abhärtungswertung
3413;+6 Beweglichkeit und +6 Tempowertung
3414;+6 Intelligenz und +6 kritische Trefferwertung
3415;+6 Intelligenz und +6 Trefferwertung
3416;+6 Intelligenz und +6 Abhärtungswertung
3417;+6 Intelligenz und +6 Tempowertung
3418;+6 Ausweichwertung und +6 Parierwertung
3419;+6 Ausweichwertung und +6 Parierwertung
3420;+6 Waffenkundewertung und +6 Trefferwertung
3421;+6 Ausweichwertung und +6 Waffenkundewertung
3422;+6 Beweglichkeit und +6 kritische Trefferwertung
3423;+6 Beweglichkeit und +6 Trefferwertung
3424;+6 Beweglichkeit und +6 Abhärtungswertung
3426;+6 Beweglichkeit und +6 Tempowertung
3427;+6 Intelligenz und +9 Ausdauer
3428;+6 Kritische Trefferwertung und +9 Ausdauer
3429;+6 Trefferwertung und +6 Ausweichwertung
3430;+6 Ausweichwertung und +9 Ausdauer
3431;+6 Abhärtungswertung und +9 Ausdauer
3432;+6 Tempowertung und +9 Ausdauer
3433;+6 Intelligenz und +6 Willenskraft
3434;+6 Kritische Trefferwertung und +6 Willenskraft
3435;+6 Trefferwertung und +6 Tempowertung
3436;+6 Abhärtungswertung und +6 Willenskraft
3437;+6 Tempowertung und +6 Willenskraft
3438;+6 Intelligenz und +6 Willenskraft
3439;+6 Kritische Trefferwertung und +6 Willenskraft
3440;+6 Trefferwertung und +6 Tempowertung
3441;+6 Abhärtungswertung und +6 Willenskraft
3442;+6 Tempowertung und +6 Willenskraft
3443;+6 Kritische Trefferwertung und +8 Zauberdurchschlag
3444;+6 Kritische Trefferwertung und +8 Zauberdurchschlag
3445;+6 Tempowertung und +8 Zauberdurchschlag
3446;+16 Stärke
3447;+16 Beweglichkeit
3448;+16 Intelligenz
3449;+16 Beweglichkeit
3450;+16 Ausweichwertung
3451;+16 Parierwertung
3452;+16 Kritische Trefferwertung
3453;+16 Waffenkundewertung
3454;+24 Ausdauer
3455;+16 Willenskraft
3456;+16 Willenskraft
3457;+20 Zauberdurchschlag
3458;+16 Intelligenz
3459;+16 Kritische Trefferwertung
3460;+16 Trefferwertung
3461;+16 Ausweichwertung
3462;+16 Abhärtungswertung
3463;+16 Tempowertung
3464;+8 Stärke und +12 Ausdauer
3465;+8 Beweglichkeit und +12 Ausdauer
3466;+8 Intelligenz und +12 Ausdauer
3467;+8 Beweglichkeit und +12 Ausdauer
3468;+8 Ausweichwertung und +12 Ausdauer
3469;+8 Parierwertung und +12 Ausdauer
3470;+8 Kritische Trefferwertung und +12 Ausdauer
3471;+8 Waffenkundewertung und +12 Ausdauer
3472;+8 Intelligenz und +8 Willenskraft
3473;+8 Intelligenz und +8 Willenskraft
3474;+8 Beweglichkeit und +8 Trefferwertung
3475;+8 Beweglichkeit und +8 Trefferwertung
3476;+8 Intelligenz und +10 Zauberdurchschlag
3477;+8 Stärke und +8 kritische Trefferwertung
3478;+8 Stärke und +8 Trefferwertung
3479;+8 Stärke und +8 Ausweichwertung
3480;+8 Stärke und +8 Abhärtungswertung
3481;+8 Stärke und +8 Tempowertung
3482;+8 Beweglichkeit und +8 Kritische Trefferwertung
3483;+8 Beweglichkeit und +8 Trefferwertung
3484;+8 Beweglichkeit und +8 Abhärtungswertung
3485;+8 Beweglichkeit und +8 Tempowertung
3486;+8 Intelligenz und +8 Tempowertung
3487;+8 Intelligenz und +8 kritische Trefferwertung
3488;+8 Intelligenz und +8 Trefferwertung
3489;+8 Intelligenz und +8 Abhärtungswertung
3490;+8 Intelligenz und +8 Tempowertung
3491;+8 Beweglichkeit und +8 kritische Trefferwertung
3492;+8 Beweglichkeit und +8 Trefferwertung
3493;+8 Beweglichkeit und +8 Abhärtungswertung
3494;+8 Beweglichkeit und +8 Tempowertung
3495;+8 Ausweichwertung und +8 Parierwertung
3496;+8 Ausweichwertung und +8 Parierwertung
3497;+8 Waffenkundewertung und +8 Trefferwertung
3498;+8 Ausweichwertung und +8 Waffenkundewertung
3499;+8 Intelligenz und +12 Ausdauer
3500;+8 Kritische Trefferwertung und +12 Ausdauer
3501;+8 Trefferwertung und +8 Ausweichwertung
3502;+8 Ausweichwertung und +12 Ausdauer
3503;+8 Abhärtungswertung und +12 Ausdauer
3504;+8 Tempowertung und +12 Ausdauer
3505;+8 Intelligenz und +8 Willenskraft
3506;+8 Kritische Trefferwertung und +8 Willenskraft
3507;+8 Trefferwertung und +8 Tempowertung
3508;+8 Abhärtungswertung und +8 Willenskraft
3509;+8 Tempowertung und +8 Willenskraft
3510;+8 Intelligenz und +8 Willenskraft
3511;+8 Kritische Trefferwertung und +8 Willenskraft
3512;+8 Trefferwertung und +8 Tempowertung
3513;+8 Willenskraft und +8 Abhärtungswertung
3514;+8 Tempowertung und +8 Willenskraft
3515;+8 Kritische Trefferwertung und +10 Zauberdurchschlag
3516;+8 Kritische Trefferwertung und +10 Zauberdurchschlag
3517;+8 Tempowertung und +10 Zauberdurchschlag
3518;+20 Stärke
3519;+20 Beweglichkeit
3520;+20 Intelligenz
3521;+20 Beweglichkeit
3522;+20 Ausweichwertung
3523;+20 Parierwertung
3524;+20 Waffenkundewertung
3525;+20 Kritische Trefferwertung
3526;+20 Intelligenz
3527;+20 Kritische Trefferwertung
3528;+20 Trefferwertung
3529;+20 Ausweichwertung
3530;+20 Abhärtungswertung
3531;+20 Tempowertung
3532;+30 Ausdauer
3533;+20 Willenskraft
3534;+20 Willenskraft
3535;+25 Zauberdurchschlag
3536;+10 Stärke und +15 Ausdauer
3537;+10 Beweglichkeit und +15 Ausdauer
3538;+10 Intelligenz und +15 Ausdauer
3539;+10 Beweglichkeit und +15 Ausdauer
3540;+10 Ausweichwertung und +15 Ausdauer
3541;+10 Parierwertung und +15 Ausdauer
3542;+10 Waffenkundewertung und +15 Ausdauer
3543;+10 Kritische Trefferwertung und +15 Ausdauer
3544;+10 Beweglichkeit und +10 Trefferwertung
3545;+10 Intelligenz und +10 Willenskraft
3546;+10 Intelligenz und +10 Willenskraft
3547;+10 Beweglichkeit und +10 Trefferwertung
3548;+10 Intelligenz und +13 Zauberdurchschlag
3549;+10 Stärke und +10 kritische Trefferwertung
3550;+10 Stärke und +10 Trefferwertung
3551;+10 Stärke und +10 Ausweichwertung
3552;+10 Stärke und +10 Abhärtungswertung
3553;+10 Stärke und +10 Tempowertung
3554;+10 Beweglichkeit und +10 kritische Trefferwertung
3555;+10 Beweglichkeit und +10 Trefferwertung
3556;+10 Beweglichkeit und +10 Abhärtungswertung
3557;+10 Beweglichkeit und +10 Tempowertung
3558;+10 Intelligenz und +10 Willenskraft
3559;+10 Intelligenz und +10 kritische Trefferwertung
3560;+10 Intelligenz und +10 Trefferwertung
3561;+10 Intelligenz und +10 Abhärtungswertung
3563;+10 Intelligenz und +10 Tempowertung
3564;+10 Beweglichkeit und +10 kritische Trefferwertung
3565;+10 Beweglichkeit und +10 Trefferwertung
3566;+10 Beweglichkeit und +10 Abhärtungswertung
3567;+10 Beweglichkeit und +10 Tempowertung
3568;+10 Ausweichwertung und +10 Parierwertung
3569;+10 Ausweichwertung und +10 Parierwertung
3570;+10 Waffenkundewertung und +10 Trefferwertung
3571;+10 Ausweichwertung und +10 Waffenkundewertung
3572;+10 Intelligenz und +15 Ausdauer
3573;+10 Kritische Trefferwertung und +15 Ausdauer
3574;+10 Trefferwertung und +10 Ausweichwertung
3575;+10 Ausweichwertung und +15 Ausdauer
3576;+10 Abhärtungswertung und +15 Ausdauer
3577;+10 Tempowertung und +15 Ausdauer
3578;+10 Intelligenz und +10 Willenskraft
3579;+10 Kritische Trefferwertung und +10 Willenskraft
3580;+10 Trefferwertung und +10 Tempowertung
3581;+10 Abhärtungswertung und +10 Willenskraft
3582;+10 Tempowertung und +10 Willenskraft
3583;+10 Intelligenz und +10 Willenskraft
3584;+10 Kritische Trefferwertung und +10 Willenskraft
3585;+10 Trefferwertung und +10 Tempowertung
3586;+10 Abhärtungswertung und +10 Willenskraft
3587;+10 Tempowertung und +10 Willenskraft
3588;+10 Kritische Trefferwertung und +13 Zauberdurchschlag
3589;+10 Kritische Trefferwertung und +13 Zauberdurchschlag
3590;+10 Tempowertung und +13 Zauberdurchschlag
3591;Test: +4 Intelligenz und alle 5 Sek. 2 Mana
3592;+100 Zaubermacht gegen Untote
3593;+170 Angriffskraft gegen Untote
3594;Rune des Schwertbrechens
3595;Rune des Zauberbrechens
3596;+5 Zaubermacht
3597;Meisterlicher Feuerstein
3599;Elektromagnetischer Pulsgenerator
3600;+6 Abhärtungswertung
3601;Bombengürtel
3602;+7 Zaubermacht
3603;Handmontierte Pyrorakete
3604;Hypergeschwindigkeitsbeschleuniger
3605;Dehnbares Innenfutter
3607;+40 Distanztempowertung
3608;+40 Kritische Distanztrefferwertung
3609;Feuerstein
3610;Feuerstein
3611;Großer Feuerstein
3612;Erheblicher Feuerstein
3613;Teufelsfeuerstein
3614;Großartiger Feuerstein
3615;Zauberstein
3616;Großer Zauberstein
3617;Erheblicher Zauberstein
3618;Meisterlicher Zauberstein
3619;Dämonischer Zauberstein
3620;Großartiger Zauberstein
3621;+21 Kritische Trefferwertung und um 3% erhöhter kritischer Schaden
3622;+25 Kritische Trefferwertung und 1% Zauberreflexion
3623;+21 Intelligenz und +2% maximales Mana
3624;+21 Kritische Trefferwertung und um 10% verringerte Dauer von Bewegungseinschränkung
3625;+21 Kritische Trefferwertung und geringe Bewegungstempoerhöhung
3626;+21 Intelligenz und um 2% verringerte Bedrohung
3627;+21 Intelligenz und Chance, beim Zauberwirken Mana zu regenerieren
3628;+21 Beweglichkeit und um 3% erhöhter kritischer Schaden
3630;+21 Ausweichwertung und Chance, bei einem Treffer Gesundheit zu regenerieren
3631;+21 Ausweichwertung und +1% Schildblockwert
3632;+21 Intelligenz und geringe Bewegungstempoerhöhung
3633;+22 Willenskraft und um 3% erhöhte kritische Heileffekte
3634;+32 Ausdauer und erlittener Zauberschaden um 2% verringert
3635;+21 Intelligenz und um 10% verkürzte Dauer von Stilleeffekten
3636;+21 Kritische Trefferwertung und um 10% verkürzte Dauer von Furchteffekten
3637;+32 Ausdauer und durch Gegenstände erzielte Rüstung um 2% erhöht
3638;+21 Kritische Trefferwertung und um 10% verkürzte Dauer von Betäubungseffekten
3639;+21 Intelligenz und um 10% verkürzte Dauer von Betäubungseffekten
3640;+21 Tempowertung und heilt manchmal bei erzielten kritischen Treffern
3641;+21 Kritische Trefferwertung und +2% Mana
3642;+32 Ausdauer und um 10% verkürzte Dauer von Betäubungseffekten
3643;Chance, Nahkampf- und Distanzangriffstempo zu erhöhen
3644;+14 Beweglichkeit
3646;+14 Ausweichwertung
3647;+14 Waffenkundewertung
3648;+14 Parierwertung
3649;+14 Stärke
3650;+14 Intelligenz
3651;+14 Beweglichkeit
3652;+14 Kritische Trefferwertung
3653;+14 Willenskraft
3654;+14 Willenskraft
3655;+21 Ausdauer
3656;+18 Zauberdurchschlag
3657;+14 Kritische Trefferwertung
3658;+14 Ausweichwertung
3659;+14 Tempowertung
3660;+14 Trefferwertung
3661;+14 Intelligenz
3662;+14 Abhärtungswertung
3663;+7 Beweglichkeit und +7 Trefferwertung
3664;+7 Beweglichkeit und +10 Ausdauer
3665;+7 Kritische Trefferwertung und +10 Ausdauer
3666;+7 Beweglichkeit und +7 Trefferwertung
3667;+7 Beweglichkeit und +10 Ausdauer
3668;+7 Ausweichwertung und +10 Ausdauer
3669;+7 Waffenkundewertung und +10 Ausdauer
3670;+7 Parierwertung und +10 Ausdauer
3671;+7 Stärke und +10 Ausdauer
3672;+7 Intelligenz und +7 Willenskraft
3673;+7 Intelligenz und +7 Willenskraft
3674;+7 Intelligenz und +9 Zauberdurchschlag
3675;+7 Intelligenz und +10 Ausdauer
3676;+14 Angriffskraft und +7 kritische Trefferwertung (ALT)
3677;+7 Beweglichkeit und +7 Tempowertung
3678;+7 Beweglichkeit und +7 Tempowertung
3679;+7 Beweglichkeit und +7 Trefferwertung
3680;+7 Beweglichkeit und +7 Abhärtungswertung
3681;+7 Stärke und +7 kritische Trefferwertung
3682;+7 Stärke und +7 Trefferwertung
3683;+7 Ausweichwertung und +7 Stärke
3684;+7 Stärke und +7 Abhärtungswertung
3685;+7 Stärke und +7 Tempowertung
3686;+7 Beweglichkeit und +7 kritische Trefferwertung
3687;+7 Beweglichkeit und +7 Trefferwertung
3688;+7 Beweglichkeit und +7 Abhärtungswertung
3689;+7 Intelligenz und +7 Willenskraft
3690;+7 Intelligenz und +7 kritische Trefferwertung
3691;+7 Intelligenz und +7 Trefferwertung
3692;+7 Intelligenz und +7 Abhärtungswertung
3693;+7 Intelligenz und +7 Tempowertung
3694;+7 Ausweichwertung und +7 Parierwertung
3695;+7 Ausweichwertung und +7 Parierwertung
3696;+7 Waffenkundewertung und +7 Trefferwertung
3697;+7 Ausweichwertung und +7 Waffenkundewertung
3698;+7 Kritische Trefferwertung und +7 Willenskraft
3699;+7 Kritische Trefferwertung und +10 Ausdauer
3700;+7 Ausweichwertung und +10 Ausdauer
3701;+7 Tempowertung und +7 Willenskraft
3702;+7 Tempowertung und +10 Ausdauer
3703;+7 Trefferwertung und +7 Tempowertung
3704;+7 Trefferwertung und +7 Ausweichwertung
3705;+7 Intelligenz und +7 Willenskraft
3706;+7 Intelligenz und +10 Ausdauer
3707;+7 Abhärtungswertung und +7 Willenskraft
3708;+7 Abhärtungswertung und +10 Ausdauer
3709;+7 Kritische Trefferwertung und +9 Zauberdurchschlag
3710;+7 Kritische Trefferwertung und +7 Willenskraft
3711;+7 Intelligenz und +7 Willenskraft
3712;+7 Trefferwertung und +7 Tempowertung
3713;+7 Abhärtungswertung und +7 Willenskraft
3714;+7 Tempowertung und +7 Willenskraft
3715;+7 Kritische Trefferwertung und +9 Zauberdurchschlag
3716;+7 Tempowertung und +9 Zauberdurchschlag
3717;Armschienensockel
3718;+35 Zaubermacht und +12 Willenskraft
3719;+50 Zaubermacht und +20 Willenskraft
3720;+35 Zaubermacht und +20 Ausdauer
3721;+50 Zaubermacht und +30 Ausdauer
3722;Hell leuchtendes Garn
3723;Handschuhsockel
3726;+$i Tempowertung
3727;+$i Trefferwertung
3728;Dunkel glühendes Garn
3729;Gürtelsockel
3730;Schwertwallgarn
3731;Titanwaffenkette
3732;+34 Stärke
3733;+34 Beweglichkeit
3734;+34 Intelligenz
3735;+34 Willenskraft
3736;+34 Willenskraft
3737;+34 Intelligenz
3738;+34 Kritische Trefferwertung
3739;+34 Tempowertung
3740;+34 Ausweichwertung
3741;+34 Parierwertung
3742;+34 Trefferwertung
3743;+34 Ausweichwertung
3744;+34 Abhärtungswertung
3745;+34 Kritische Trefferwertung
3746;+34 Waffenkundewertung
3747;+43 Zauberdurchschlag
3748;Titanstachel (45-67)
3749;+4 alle Werte
3750;+6 alle Werte
3751;+6 Ausweichwertung
3752;+5 Zaubermacht
3753;+9 Zaubermacht
3754;+24 Angriffskraft, +10 Ausdauer und +10 Trefferwertung
3755;+28 Angriffskraft und +12 Ausweichwertung
3756;+130 Angriffskraft
3757;+102 Ausdauer
3758;+76 Zaubermacht
3759;+70 Feuerwiderstand
3760;+70 Frostwiderstand
3761;+70 Schattenwiderstand
3762;+70 Naturwiderstand
3763;+70 Arkanwiderstand
3764;+12 Angriffskraft
3765;+4 Kritische Trefferwertung
3766;+12 Ausdauer
3767;+7 Beweglichkeit und +7 kritische Trefferwertung
3768;Sofort wirkendes Gift VIII
3769;Sofort wirkendes Gift IX
3770;Tödliches Gift VIII
3771;Tödliches Gift IX
3772;Wundgift VI
3773;Wundgift VII
3774;Beruhigendes Gift II
3775;+30 Zaubermacht und +15 kritische Trefferwertung
3776;+45 Angriffskraft und +15 kritische Trefferwertung
3777;+20 Ausweichwertung und +22 Ausdauer
3778;+8 Waffenkundewertung
3779;Flammenzunge 8
3780;Flammenzunge 9
3781;Flammenzunge 10
3782;Frostbrand 7
3783;Frostbrand 8
3784;Frostbrand 9
3785;Windzorn 6
3786;Windzorn 7
3787;Windzorn 8
3788;+25 Trefferwertung und +25 kritische Trefferwertung
3789;Berserker
3790;Schwarzmagie
3791;+30 Ausdauer
3792;+20 Abhärtungswertung
3793;+40 Angriffskraft und +15 Abhärtungswertung
3794;+23 Zaubermacht und +15 Abhärtungswertung
3795;+50 Angriffskraft und +20 Abhärtungswertung
3796;+29 Zaubermacht und +20 Abhärtungswertung
3797;+29 Zaubermacht und +20 Abhärtungswertung
3798;+17 Kritische Trefferwertung und geringe Bewegungstempoerhöhung
3799;+17 Intelligenz und geringe Bewegungstempoerhöhung
3800;+17 Kritische Trefferwertung und um 10% verkürzte Dauer von Furchteffekten
3801;+17 Kritische Trefferwertung und um 10% verringerte Dauer von Bewegungseinschränkung
3802;+17 Intelligenz und um 10% verkürzte Dauer von Stilleeffekten
3803;+17 Kritische Trefferwertung und um 10% verkürzte Dauer von Betäubungseffekten
3804;+26 Ausdauer und um 10% verkürzte Dauer von Betäubungseffekten
3805;+17 Intelligenz und um 10% verkürzte Dauer von Betäubungseffekten
3806;+18 Zaubermacht und +10 kritische Trefferwertung
3807;+15 Intelligenz und +10 Willenskraft
3808;+40 Angriffskraft und +15 kritische Trefferwertung
3809;+21 Intelligenz und +16 Willenskraft
3810;+24 Zaubermacht und +15 kritische Trefferwertung
3811;+20 Ausweichwertung und +22 Ausdauer
3812;+25 Frostwiderstand und +30 Ausdauer
3813;+25 Naturwiderstand und +30 Ausdauer
3814;+25 Schattenwiderstand und +30 Ausdauer
3815;+25 Arkanwiderstand und +30 Ausdauer
3816;+25 Feuerwiderstand und +30 Ausdauer
3817;+50 Angriffskraft und +20 kritische Trefferwertung
3818;++20 Ausweichwertung und +37 Ausdauer
3819;+26 Intelligenz und +20 Willenskraft
3820;+26 Intelligenz und +20 kritische Trefferwertung
3821;+8 Abhärtungswertung
3822;+55 Ausdauer und +22 Beweglichkeit
3823;+75 Angriffskraft und +22 kritische Trefferwertung
3824;+24 Angriffskraft
3825;+15 Tempowertung
3826;+12 Trefferwertung und +12 kritische Trefferwertung
3827;+110 Angriffskraft
3828;+85 Angriffskraft
3829;+35 Angriffskraft
3830;+50 Zaubermacht
3831;+23 Tempowertung
3832;+10 alle Werte
3833;+65 Angriffskraft
3834;+63 Zaubermacht
3835;+120 Angriffskraft und +15 kritische Trefferwertung
3836;+60 Intelligenz und +15 Willenskraft
3837;+60 Ausweichwertung und +15 Parierwertung
3838;+70 Zaubermacht und +15 kritische Trefferwertung
3839;+40 Angriffskraft
3840;+23 Zaubermacht
3841;+23 Zaubermacht
3842;+30 Ausdauer und +25 Abhärtungswertung
3843;Zielfernrohr (+15 Schaden)
3844;+45 Willenskraft
3845;+50 Angriffskraft
3846;+40 Zaubermacht
3847;Rune des Steinhautgargoyles
3848;Stabsockel
3849;Titanbeschlag
3850;+40 Ausdauer
3851;+50 Ausdauer
3852;+30 Ausdauer und +15 Abhärtungswertung
3853;+40 Abhärtungswertung und +28 Ausdauer
3854;+81 Zaubermacht
3855;+69 Zaubermacht
3856;+100 Beweglichkeit
3857;+6 Ausweichwertung
3858;+5 Trefferwertung
3859;+27 Zaubermacht
3860;Vernetzte Rüstungsverstärkung
3861;+20 Stärke
3862;+20 Beweglichkeit
3863;+30 Ausdauer
3864;+20 Willenskraft
3865;+20 Intelligenz
3866;+20 Intelligenz
3867;+20 Trefferwertung
3868;Angelköder (+100 Angelfertigkeit)
3869;Klingenbarrikade
3870;Blutsauger
3871;+6 Parierwertung
3872;+50 Zaubermacht und +20 Willenskraft
3873;+50 Zaubermacht und +30 Ausdauer
3874;+130 Angriffskraft
3875;+30 Angriffskraft und +10 kritische Trefferwertung
3876;+15 Ausweichwertung und +10 Parierwertung
3877;+16 Angriffskraft
3879;+10 alle Werte
3880;+6 Kritische Trefferwertung
3881;Alle 5 Sek. 17 Mana
3882;+8 Kritische Trefferwertung
3883;Rune der nerubischen Panzerung
3884;+24 Ausdauer und +24 Beweglichkeit
3885;+15 Meisterschaftswertung und +15 Willenskraft
3886;+15 Meisterschaftswertung und +15 Trefferwertung
3887;+18 Meisterschaftswertung und +17 Willenskraft
3888;+18 Meisterschaftswertung und +17 Trefferwertung
3889;+30 Stärke
3890;+30 Beweglichkeit
3891;+30 Parierwertung
3892;+30 Intelligenz
3893;+30 Waffenkundewertung
3894;+45 Ausdauer
3895;+30 Willenskraft
3896;+38 Zauberdurchschlag
3897;+30 Trefferwertung
3898;+30 Ausweichwertung
3899;+30 Abhärtungswertung
3900;+30 Tempowertung
3901;+30 Meisterschaftswertung
3902;+15 Stärke und +23 Ausdauer
3903;+15 Parierwertung und +23 Ausdauer
3904;+15 Beweglichkeit und +23 Ausdauer
3905;+15 Intelligenz und +23 Ausdauer
3906;+15 Waffenkundewertung und +23 Ausdauer
3907;+15 Intelligenz und +15 Willenskraft
3908;+15 Trefferwertung und +15 Stärke
3909;+15 Trefferwertung und +15 Beweglichkeit
3910;+15 Trefferwertung und +15 Parierwertung
3911;+15 Trefferwertung und +15 Intelligenz
3912;+15 Waffenkundewertung und +15 Trefferwertung
3913;+15 Ausweichwertung und +15 Beweglichkeit
3914;+15 Waffenkundewertung und +15 Ausweichwertung
3915;+15 Stärke und +15 kritische Trefferwertung
3916;+15 Kritische Trefferwertung und +15 Beweglichkeit
3917;+15 Kritische Trefferwertung und +15 Intelligenz
3918;+15 Tempowertung und +15 Stärke
3919;+15 Tempowertung und +15 Beweglichkeit
3920;+15 Tempowertung und +15 Intelligenz
3921;+15 Meisterschaftswertung und +15 Stärke
3922;+15 Meisterschaftswertung und +15 Beweglichkeit
3923;+15 Meisterschaftswertung und +15 Parierwertung
3924;+15 Meisterschaftswertung und +15 Intelligenz
3925;+15 Meisterschaftswertung und +15 Waffenkundewertung
3926;+15 Ausweichwertung und +23 Ausdauer
3927;+15 Ausweichwertung und +15 Trefferwertung
3928;+15 Kritische Trefferwertung und +23 Ausdauer
3929;+15 Trefferwertung und +15 kritische Trefferwertung
3930;+15 Abhärtungswertung und +23 Ausdauer
3931;+15 Tempowertung und +23 Ausdauer
3932;+15 Trefferwertung und +15 Tempowertung
3933;+15 Meisterschaftswertung und +23 Ausdauer
3936;+30 Kritische Trefferwertung
3937;+17 Trefferwertung und +18 Stärke
3938;+18 Intelligenz und +17 Willenskraft
3939;+18 Waffenkundewertung und +26 Ausdauer
3940;+18 Intelligenz und +26 Ausdauer
3941;+18 Parierwertung und +26 Ausdauer
3942;+18 Beweglichkeit und +23 Ausdauer
3943;+18 Stärke und +26 Ausdauer
3944;+35 Meisterschaftswertung
3945;+35 Tempowertung
3946;+35 Abhärtungswertung
3947;+35 Kritische Trefferwertung
3948;+35 Ausweichwertung
3949;+35 Trefferwertung
3950;+44 Zauberdurchschlag
3951;+35 Willenskraft
3952;+53 Ausdauer
3953;+35 Waffenkundewertung
3954;+35 Intelligenz
3955;+35 Parierwertung
3956;+35 Beweglichkeit
3957;+35 Stärke
3958;+18 Meisterschaftswertung und +26 Ausdauer
3959;+17 Trefferwertung und +18 Tempowertung
3960;+18 Tempowertung und +26 Ausdauer
3961;+18 Abhärtungswertung und +26 Ausdauer
3962;+17 Trefferwertung und +18 kritische Trefferwertung
3963;+18 Kritische Trefferwertung und +26 Ausdauer
3964;+17 Trefferwertung und +18 Ausweichwertung
3965;+18 Ausweichwertung und +26 Ausdauer
3966;+17 Meisterschaftswertung und +18 Waffenkundewertung
3967;+17 Meisterschaftswertung und +18 Intelligenz
3968;+18 Parierwertung und +17 Meisterschaftswertung
3969;+17 Meisterschaftswertung und +18 Beweglichkeit
3970;+17 Meisterschaftswertung und +18 Stärke
3971;+17 Tempowertung und +18 Intelligenz
3972;+17 Tempowertung und +18 Beweglichkeit
3973;+17 Tempowertung und +18 Stärke
3974;+17 Kritische Trefferwertung und +18 Intelligenz
3975;+17 Kritische Trefferwertung und +18 Beweglichkeit
3976;+17 Kritische Trefferwertung und +18 Stärke
3977;+18 Waffenkundewertung und +17 Ausweichwertung
3978;+18 Beweglichkeit und +17 Ausweichwertung
3979;+18 Waffenkundewertung und +17 Trefferwertung
3980;+17 Trefferwertung und +18 Intelligenz
3981;+17 Trefferwertung und +18 Parierwertung
3982;+17 Trefferwertung und +18 Beweglichkeit
3983;+20 Waffenkundewertung und +20 Trefferwertung
3984;+20 Parierwertung und +30 Ausdauer
3985;+20 Trefferwertung und +20 Stärke
3986;+20 Trefferwertung und +20 Intelligenz
3987;+20 Trefferwertung und +20 Beweglichkeit
3988;+20 Waffenkundewertung und +30 Ausdauer
3989;+20 Trefferwertung und +20 Parierwertung
3990;+20 Intelligenz und +20 Willenskraft
3991;+20 Beweglichkeit und +30 Ausdauer
3992;+20 Stärke und +30 Ausdauer
3993;+20 Intelligenz und +30 Ausdauer
3994;+40 Stärke
3995;+40 Intelligenz
3996;+40 Beweglichkeit
3997;+40 Parierwertung
3998;+40 Waffenkundewertung
3999;+40 Meisterschaftswertung
4000;+40 Abhärtungswertung
4001;+40 Tempowertung
4002;+40 Kritische Trefferwertung
4003;+40 Ausweichwertung
4004;+40 Trefferwertung
4005;+60 Ausdauer
4006;+40 Willenskraft
4007;+50 Zauberdurchschlag
4008;+20 Meisterschaftswertung und +20 Beweglichkeit
4009;+20 Meisterschaftswertung und +20 Intelligenz
4010;+20 Tempowertung und +20 Intelligenz
4011;+20 Kritische Trefferwertung und +20 Beweglichkeit
4012;+20 Tempowertung und +20 Beweglichkeit
4013;+20 Tempowertung und +20 Stärke
4014;+20 Meisterschaftswertung und +20 Parierwertung
4015;+20 Stärke und +20 kritische Trefferwertung
4016;+20 Meisterschaftswertung und +20 Waffenkundewertung
4017;+20 Ausweichwertung und +20 Beweglichkeit
4018;+20 Kritische Trefferwertung und +20 Intelligenz
4019;+20 Meisterschaftswertung und +20 Stärke
4020;+20 Waffenkundewertung und +20 Ausweichwertung
4021;+20 Tempowertung und +30 Ausdauer
4022;+20 Kritische Trefferwertung und +30 Ausdauer
4023;+20 Trefferwertung und +20 Tempowertung
4024;+20 Trefferwertung und +20 Ausweichwertung
4025;+20 Trefferwertung und +20 kritische Trefferwertung
4026;+20 Meisterschaftswertung und +30 Ausdauer
4027;+20 Ausweichwertung und +30 Ausdauer
4028;+20 Meisterschaftswertung und +20 Trefferwertung
4029;+20 Abhärtungswertung und +30 Ausdauer
4030;+20 Meisterschaftswertung und +20 Willenskraft
4031;+67 Stärke
4032;+67 Intelligenz
4033;+67 Beweglichkeit
4034;+67 Parierwertung
4035;+67 Meisterschaftswertung
4036;+67 Abhärtungswertung
4037;+67 Waffenkundewertung
4038;+67 Tempowertung
4039;+67 Trefferwertung
4040;+67 Kritische Trefferwertung
4041;+101 Ausdauer
4042;+67 Willenskraft
4043;+84 Zauberdurchschlag
4044;+67 Ausweichwertung
4045;+54 Meisterschaftswertung und geringe Lauftempoerhöhung
4046;+54 Kritische Trefferwertung und um 3% erhöhter kritischer Schaden
4047;+54 Intelligenz und um 2% verringerte Bedrohung
4048;+81 Ausdauer und +1% Schildblockwert
4049;+81 Ausdauer und um 2% erhöhter Rüstungswert durch Gegenstände
4050;+81 Ausdauer und um 2% verringerter Zauberschaden
4051;+54 Intelligenz und +2% maximales Mana
4052;+54 Willenskraft und um 3% erhöhte kritische Heileffekte
4053;+54 Kritische Trefferwertung und 1% Zauberreflexion
4054;+81 Ausdauer und um 10% verringerte Betäubungsdauer
4055;+54 Kritische Trefferwertung und um 10% verringerte Dauer von Bewegungseinschränkung
4056;+54 Kritische Trefferwertung und um 10% verkürzte Dauer von Furchteffekten
4057;+54 Intelligenz und um 10% verringerte Dauer von Stilleeffekten
4058;+$i Waffenkundewertung
4059;+$i Meisterschaftswertung
4060;+$i Parierwertung
4061;+50 Meisterschaftswertung
4062;+30 Ausdauer und geringe Bewegungstempoerhöhung
4063;+15 alle Werte
4064;+70 Zauberdurchschlag
4065;+50 Tempowertung
4066;Besserung
4067;Lawine
4068;+50 Tempowertung
4069;+50 Tempowertung
4070;+55 Ausdauer
4071;+50 Kritische Trefferwertung
4072;+30 Intelligenz
4073;+160 Rüstung
4074;Elementartöter
4075;+35 Stärke
4076;+35 Beweglichkeit
4077;+40 Abhärtungswertung
4078;+40 Stärke
4079;+40 Beweglichkeit
4080;+40 Intelligenz
4081;+60 Ausdauer
4082;+50 Waffenkundewertung
4083;Hurrikan
4084;Gesang des Herzens
4085;+40 Blockwertung
4086;+50 Ausweichwertung
4087;+50 Kritische Trefferwertung
4088;+40 Willenskraft
4089;+50 Trefferwertung
4090;+250 Rüstung
4091;+40 Intelligenz
4092;+50 Trefferwertung
4093;+50 Willenskraft
4094;+50 Meisterschaftswertung
4095;+50 Waffenkundewertung
4096;+50 Intelligenz
4097;Machtstrom
4098;Windwandler
4099;Erdrutsch
4100;+65 Kritische Trefferwertung
4101;+65 Kritische Trefferwertung
4102;+20 alle Werte
4103;+75 Ausdauer
4104;+35 Meisterschaftswertung und geringe Bewegungstempoerhöhung
4105;+25 Beweglichkeit und geringe Bewegungstempoerhöhung
4106;+50 Stärke
4107;+65 Meisterschaftswertung
4108;+65 Tempowertung
4109;+55 Intelligenz und +45 Willenskraft
4110;+95 Intelligenz und +55 Willenskraft
4111;+55 Intelligenz und +65 Ausdauer
4112;+95 Intelligenz und +80 Ausdauer
4113;+95 Intelligenz und +80 Ausdauer
4114;+95 Intelligenz und +55 Willenskraft
4115;Hell leuchtendes Garn
4116;Dunkel glühendes Garn
4117;Schwertwallgarn
4118;Schwertwallgarn
4119;+50 Stärke
4120;+36 Ausdauer
4121;+44 Ausdauer
4122;+110 Angriffskraft und +45 kritische Trefferwertung
4123;+10 Meisterschaftswertung
4124;+85 Ausdauer und +45 Beweglichkeit
4125;+30 Willenskraft
4126;+190 Angriffskraft und +55 kritische Trefferwertung
4127;+145 Ausdauer und +55 Beweglichkeit
4128;+30 Tempowertung
4129;+20 Willenskraft
4130;+20 Kritische Trefferwertung
4131;+10 Kritische Trefferwertung
4132;+30 Kritische Trefferwertung
4133;+20 Beweglichkeit
4134;+30 Ausdauer
4135;+10 Stärke
4136;+20 Stärke
4137;+20 Meisterschaftswertung
4138;+30 Meisterschaftswertung
4139;+20 Parierwertung
4140;+20 Tempowertung
4141;+10 Trefferwertung
4142;+10 Willenskraft
4143;+10 Intelligenz
4144;+20 Intelligenz
4145;+30 Beweglichkeit
4146;+10 Tempowertung
4147;+10 Parierwertung
4148;+30 Parierwertung
4149;+20 Intelligenz
4150;+30 Intelligenz
4151;+10 Kritische Trefferwertung
4152;+20 Kritische Trefferwertung
4153;+30 Kritische Trefferwertung
4154;+15 Ausdauer
4155;+10 Ausweichwertung
4156;+20 Ausweichwertung
4157;+30 Ausweichwertung
4158;+30 Stärke
4159;+45 Ausdauer
4160;+10 Trefferwertung
4161;+20 Trefferwertung
4162;+30 Trefferwertung
4163;+10 Waffenkundewertung
4164;+20 Waffenkundewertung
4165;+30 Waffenkundewertung
4166;+208 Ausweichwertung
4167;+208 Kritische Trefferwertung
4168;+208 Tempowertung
4169;+208 Meisterschaftswertung
4170;+208 Waffenkundewertung
4171;+208 Parierwertung
4172;+208 Trefferwertung
4173;+208 Willenskraft
4175;Gnomisches Röntgenzielfernrohr
4176;+88 Distanztrefferwertung
4177;+88 Distanztempowertung
4178;+900 Rüstung
4179;Synapsenfedern
4180;Schnelldrehende Abwehrplatten
4181;Teserschocker
4182;Rückenmarkseinspritzung
4183;Manaschlucker Z50
4184;+10 Abhärtungswertung
4185;+20 Abhärtungswertung
4186;+30 Abhärtungswertung
4187;Unsichtbarkeitsfeld
4188;Geerdeter Plasmaschild
4189;+195 Ausdauer
4190;+130 Beweglichkeit
4191;+130 Stärke
4192;+130 Intelligenz
4193;+130 Beweglichkeit und +25 Meisterschaftswertung
4194;+130 Stärke und +25 kritische Trefferwertung
4195;+195 Ausdauer und +25 Ausweichwertung
4196;+130 Intelligenz und +25 Tempowertung
4197;+45 Ausdauer und +20 Ausweichwertung
4198;+75 Ausdauer und +25 Ausweichwertung
4199;+30 Intelligenz und +20 Tempowertung
4200;+50 Intelligenz und +25 Tempowertung
4201;+30 Stärke und +20 kritische Trefferwertung
4202;+50 Stärke und +25 kritische Trefferwertung
4203;+30 Beweglichkeit und +20 Meisterschaftswertung
4204;+50 Beweglichkeit und +25 Meisterschaftswertung
4205;+30 Beweglichkeit und +20 Meisterschaftswertung
4206;+90 Ausdauer und +35 Ausweichwertung
4207;+60 Intelligenz und +35 kritische Trefferwertung
4208;+60 Stärke und +35 Meisterschaftswertung
4209;+60 Beweglichkeit und +35 Tempowertung
4211;+10 Tempowertung
4212;+7 Stärke
4213;+7 Stärke
4214;Pappkamerad
4215;Elementiumstachel (90-133)
4216;Pyriumstachel (210-350)
4217;Pyriumwaffenkette
4221;+100 Stärke
4222;Gedankenverstärkungsschüssel
4223;Nitrobooster
4225;Angelköder (+150 Angelfertigkeit)
4227;+130 Beweglichkeit
4236;+20 Intelligenz und +20 Abhärtungswertung
4237;+20 Beweglichkeit und +20 Abhärtungswertung
4238;+20 Stärke und +20 Abhärtungswertung
4239;+208 Abhärtungswertung
4244;+20 Abhärtungswertung und +20 Zauberdurchschlag
4245;+60 Intelligenz und +35 Abhärtungswertung
4246;+60 Beweglichkeit und +35 Abhärtungswertung
4247;+60 Stärke und +35 Abhärtungswertung
4248;+50 Intelligenz und +25 Abhärtungswertung
4249;+50 Stärke und +25 Abhärtungswertung
4250;+50 Beweglichkeit und +25 Abhärtungswertung
4251;+54 Beweglichkeit und um 3% erhöhter kritischer Schaden
4252;+54 Stärke und um 3% erhöhter kritischer Schaden
4253;+54 Intelligenz und um 3% erhöhter kritischer Schaden
4256;+50 Stärke
4257;+50 Intelligenz
4258;+50 Beweglichkeit
4259;+1 Angeln
